type,role,mac,rssi,rate,sig_mode,mcs,bandwidth,smo+Àù,not_sounding,aggregation,stbc,fec_coding,sgi,noise_floor,ampdu_cnt,channel,secondary_channel,local_timestamp,ant,sig_len,rx_state,real_time_set,real_timestamp,len,CSI_DATA
CSI_DATA,STA,94:B9:7E:D9:DB:AD,-39,11,0,0,0,0,0,0,0,0,0,-97,0,6,1,54368,0,131,0,0,0.238244,128,[-125 48 8 0 0 0 0 0 0 0 0 0 -19 17 -20 17 -20 17 -21 16 -21 15 -21 14 -21 14 -21 14 -22 13 -22 12 -22 12 -23 12 -22 11 -22 11 -22 11 -22 11 -22 9 -20 9 -20 9 -20 10 -20 10 -20 10 -19 9 -19 9 -20 10 -20 10 0 0 -19 10 -18 10 -18 10 -18 10 -17 10 -17 11 -17 12 -17 11 -17 12 -17 12 -17 12 -16 12 -16 12 -17 13 -16 12 -16 13 -16 13 -16 13 -15 14 -15 14 -15 14 -15 15 -14 15 -15 15 -15 15 -14 15 0 0 0 0 0 0 0 0 0 0 ]
CSI_DATA,STA,94:B9:7E:D9:DB:AD,-50,11,1,7,1,1,1,0,0,0,0,-97,0,6,1,58714,0,135,0,0,0.244351,384,[-121 112 8 0 0 0 0 0 0 0 0 0 13 -15 13 -15 14 -15 15 -14 14 -13 14 -13 15 -12 15 -12 16 -12 15 -11 15 -11 15 -10 16 -10 16 -10 16 -10 15 -10 15 -10 15 -9 15 -9 15 -9 14 -9 14 -9 14 -9 14 -9 14 -9 13 -9 0 0 13 -9 13 -10 13 -10 12 -10 12 -10 12 -10 12 -10 12 -10 11 -11 11 -11 11 -11 11 -11 10 -11 10 -12 10 -12 10 -12 10 -12 10 -12 9 -12 9 -13 9 -13 9 -13 9 -14 8 -14 8 -14 8 -14 0 0 0 0 0 0 0 0 0 0 ]
CSI_DATA,STA,94:B9:7E:D9:DB:AD,-50,11,1,7,1,1,1,0,0,0,0,-97,0,6,1,84044,0,239,0,0,0.267449,384,[-17 -16 14 0 0 0 0 0 0 0 0 0 7 -17 8 -16 8 -17 9 -16 9 -16 9 -15 9 -15 10 -15 10 -15 10 -14 11 -14 11 -14 11 -13 11 -13 11 -13 11 -13 10 -12 10 -12 10 -12 10 -12 10 -12 10 -12 10 -12 10 -12 10 -12 9 -11 0 0 9 -12 9 -12 8 -11 8 -12 8 -12 8 -12 7 -12 7 -12 7 -12 7 -13 7 -13 7 -13 6 -12 6 -13 6 -13 5 -13 6 -14 5 -13 5 -14 5 -14 5 -14 4 -14 5 -14 4 -14 4 -14 4 -14 0 0 0 0 0 0 0 0 0 0 ]
CSI_DATA,STA,94:B9:7E:D9:DB:AD,-41,11,0,0,0,0,0,0,0,0,0,-96,0,6,1,1024419,0,37,0,0,1.20813,128,[37 80 2 0 0 0 0 0 0 0 0 0 -19 18 -19 17 -20 17 -21 17 -21 16 -20 15 -21 15 -21 14 -21 14 -22 13 -22 12 -23 12 -22 12 -22 11 -21 11 -21 12 -21 11 -20 11 -20 10 -19 11 -19 11 -20 11 -19 10 -19 10 -19 11 -19 11 0 0 -18 12 -18 12 -17 12 -17 12 -16 12 -16 13 -16 13 -16 13 -15 14 -16 13 -16 14 -15 13 -15 14 -15 15 -14 14 -14 15 -14 16 -14 15 -13 16 -13 16 -13 16 -13 17 -13 17 -13 17 -13 17 -12 17 0 0 0 0 0 0 0 0 0 0 ]
CSI_DATA,STA,94:B9:7E:D9:DB:AD,-51,11,1,7,1,1,1,0,0,0,0,-96,0,6,1,1024722,0,82,0,0,1.21459,384,[82 -96 4 0 0 0 0 0 0 0 0 0 6 -17 7 -17 7 -17 8 -16 9 -16 8 -16 9 -15 9 -15 9 -15 10 -15 10 -14 11 -14 10 -14 11 -14 10 -13 10 -13 10 -13 9 -13 10 -12 10 -13 9 -12 9 -12 9 -12 9 -12 9 -12 9 -12 0 0 8 -12 8 -12 8 -12 7 -12 7 -12 7 -12 7 -12 7 -13 6 -13 6 -13 6 -13 6 -13 6 -13 5 -13 5 -13 5 -14 5 -14 4 -13 4 -14 4 -14 4 -14 4 -14 4 -14 3 -14 3 -14 3 -14 0 0 0 0 0 0 0 0 0 0 ]
CSI_DATA,STA,94:B9:7E:D9:DB:AD,-51,11,1,7,1,1,1,0,0,0,0,-96,0,6,1,1036380,0,82,0,0,1.21959,384,[82 -96 4 0 0 0 0 0 0 0 0 0 -15 -14 -15 -15 -14 -15 -14 -16 -13 -16 -13 -16 -12 -16 -12 -16 -11 -17 -11 -16 -11 -17 -11 -17 -11 -16 -10 -17 -10 -17 -9 -16 -10 -16 -9 -15 -9 -16 -9 -15 -9 -15 -9 -15 -9 -14 -9 -15 -9 -15 -9 -15 0 0 -10 -14 -10 -13 -10 -13 -10 -13 -10 -13 -10 -13 -11 -12 -11 -12 -11 -12 -12 -12 -11 -11 -12 -11 -12 -11 -13 -11 -12 -10 -13 -11 -12 -10 -13 -10 -13 -10 -13 -10 -14 -10 -14 -10 -13 -9 -14 -9 -14 -9 -15 -9 0 0 0 0 0 0 0 0 0 0 ]
CSI_DATA,STA,94:B9:7E:D9:DB:AD,-41,11,0,0,0,0,0,0,0,0,0,-96,0,6,1,1062589,0,37,0,0,1.24608,128,[37 80 2 0 0 0 0 0 0 0 0 0 -26 4 -26 3 -27 3 -27 2 -27 1 -26 0 -26 0 -26 -1 -26 -1 -26 -2 -26 -2 -26 -3 -25 -3 -25 -3 -24 -3 -25 -2 -23 -3 -23 -3 -22 -3 -22 -2 -22 -2 -23 -3 -22 -2 -22 -2 -23 -1 -22 -1 0 0 -22 0 -22 0 -21 0 -22 1 -20 0 -21 1 -21 2 -21 2 -21 2 -21 2 -21 3 -21 3 -21 4 -21 4 -21 4 -20 4 -21 5 -20 5 -20 6 -20 6 -20 6 -21 6 -21 7 -20 7 -20 7 -20 7 0 0 0 0 0 0 0 0 0 0 ]
CSI_DATA,STA,94:B9:7E:D9:DB:AD,-51,11,1,7,1,1,1,1,0,0,0,-96,1,6,1,1067212,0,110,0,0,1.25172,384,[110 96 6 0 0 0 0 0 0 0 0 0 -14 12 -14 11 -15 11 -16 10 -15 10 -15 10 -15 9 -16 9 -16 8 -16 8 -16 8 -16 8 -16 7 -16 7 -16 7 -16 6 -15 6 -15 6 -15 6 -15 6 -15 6 -15 6 -14 6 -14 6 -14 6 -14 6 0 0 -14 6 -13 6 -13 6 -13 7 -13 7 -13 7 -13 7 -12 7 -12 7 -12 8 -12 8 -12 8 -12 9 -11 9 -11 8 -11 9 -11 9 -11 9 -11 10 -10 10 -11 10 -11 10 -10 10 -10 10 -10 11 -10 11 0 0 0 0 0 0 0 0 0 0 ]
CSI_DATA,STA,94:B9:7E:D9:DB:AD,-51,11,1,7,1,1,1,1,0,0,0,-96,1,6,1,2020383,0,110,0,0,2.20386,384,[110 96 6 0 0 0 0 0 0 0 0 0 -20 -5 -20 -6 -20 -6 -20 -8 -19 -8 -19 -8 -19 -8 -18 -9 -18 -9 -17 -10 -18 -10 -17 -10 -17 -10 -17 -10 -16 -10 -16 -10 -16 -10 -16 -10 -16 -9 -16 -9 -16 -9 -15 -9 -15 -9 -15 -9 -15 -9 -15 -9 0 0 -15 -8 -15 -7 -15 -7 -15 -7 -15 -6 -15 -7 -15 -6 -15 -6 -15 -5 -16 -5 -15 -5 -16 -4 -16 -4 -16 -4 -16 -4 -16 -3 -16 -3 -16 -3 -16 -2 -16 -2 -16 -2 -16 -2 -17 -2 -17 -2 -16 -2 -16 -1 0 0 0 0 0 0 0 0 0 0 ]
CSI_DATA,STA,94:B9:7E:D9:DB:AD,-51,11,1,7,1,1,1,1,0,0,0,-96,1,6,1,3021441,0,110,0,0,3.2049,384,[110 96 6 0 0 0 0 0 0 0 0 0 12 -14 12 -13 13 -13 13 -12 14 -12 13 -11 14 -11 14 -10 15 -10 15 -10 15 -9 15 -9 15 -9 15 -9 14 -9 14 -9 14 -8 14 -8 13 -7 14 -8 13 -8 13 -8 13 -8 13 -7 13 -7 13 -7 0 0 12 -8 12 -8 12 -8 12 -8 11 -8 11 -9 11 -8 11 -9 11 -9 11 -9 11 -9 11 -9 10 -9 10 -10 10 -10 9 -10 10 -11 9 -10 9 -11 9 -11 9 -11 9 -11 9 -11 9 -11 9 -12 9 -12 0 0 0 0 0 0 0 0 0 0 ]
CSI_DATA,STA,94:B9:7E:D9:DB:AD,-50,11,1,6,1,1,1,1,0,0,0,-96,1,6,1,4022720,0,110,0,0,4.20617,384,[110 96 6 0 0 0 0 0 0 0 0 0 18 -2 18 -2 18 -1 17 0 18 0 17 0 17 1 17 1 17 2 17 2 17 2 17 3 17 3 16 3 16 3 17 3 15 3 16 3 15 3 15 2 15 3 15 2 15 2 15 2 15 2 14 2 0 0 14 1 14 1 14 1 14 0 13 0 14 0 14 0 14 -1 14 -1 14 -1 14 -1 14 -2 13 -2 14 -2 14 -3 13 -3 14 -3 13 -4 14 -4 13 -4 13 -4 14 -5 14 -5 13 -5 13 -5 13 -5 0 0 0 0 0 0 0 0 0 0 ]
CSI_DATA,STA,94:B9:7E:D9:DB:AD,-50,11,1,6,1,1,1,1,0,0,0,-96,1,6,1,5030018,0,110,0,0,5.21349,384,[110 96 6 0 0 0 0 0 0 0 0 0 -18 -11 -17 -12 -17 -13 -16 -13 -16 -14 -16 -14 -15 -14 -15 -14 -15 -14 -14 -15 -13 -15 -13 -15 -13 -15 -13 -15 -12 -15 -12 -15 -12 -15 -12 -14 -11 -14 -11 -14 -11 -14 -11 -14 -11 -13 -11 -13 -11 -14 -11 -13 0 0 -11 -13 -11 -12 -11 -12 -11 -12 -11 -12 -12 -12 -11 -12 -12 -11 -12 -11 -13 -11 -12 -10 -13 -10 -13 -10 -13 -10 -13 -10 -13 -10 -13 -9 -14 -9 -14 -9 -14 -8 -14 -9 -15 -9 -15 -8 -14 -8 -15 -9 -15 -8 0 0 0 0 0 0 0 0 0 0 ]
CSI_DATA,STA,94:B9:7E:D9:DB:AD,-51,11,1,7,1,1,1,1,0,0,0,-96,1,6,1,6024556,0,110,0,0,6.20799,384,[110 96 6 0 0 0 0 0 0 0 0 0 -1 19 -2 20 -3 20 -3 20 -4 19 -4 19 -5 19 -5 18 -6 19 -6 18 -6 18 -7 18 -7 18 -7 17 -7 17 -7 17 -7 17 -7 16 -7 16 -7 16 -7 16 -7 16 -6 15 -6 15 -7 15 -6 15 0 0 -6 15 -5 15 -5 15 -5 15 -5 14 -5 15 -5 15 -4 15 -4 15 -4 15 -3 15 -3 15 -3 15 -3 15 -2 15 -2 15 -2 15 -1 15 -1 15 -1 15 -1 16 -1 15 -1 15 0 16 0 16 0 16 0 0 0 0 0 0 0 0 0 0 ]
CSI_DATA,STA,94:B9:7E:D9:DB:AD,-51,11,1,7,1,1,1,1,0,0,0,-96,1,6,1,7027063,0,110,0,0,7.21049,384,[110 96 6 0 0 0 0 0 0 0 0 0 -14 12 -14 11 -15 11 -16 10 -16 10 -16 9 -16 9 -16 9 -16 8 -16 8 -16 7 -16 7 -16 7 -16 6 -16 6 -16 6 -16 6 -15 6 -15 6 -15 5 -15 5 -15 5 -15 6 -14 5 -15 5 -14 5 0 0 -14 6 -14 5 -13 6 -13 6 -13 6 -13 6 -13 6 -13 6 -13 7 -12 7 -13 7 -12 7 -12 8 -12 8 -12 8 -12 8 -12 8 -11 8 -12 8 -11 9 -11 9 -12 8 -11 9 -11 9 -11 10 -11 10 0 0 0 0 0 0 0 0 0 0 ]
CSI_DATA,STA,94:B9:7E:D9:DB:AD,-51,11,1,7,1,1,1,1,0,0,0,-96,1,6,1,8028697,0,110,0,0,8.21213,384,[110 96 6 0 0 0 0 0 0 0 0 0 1 18 0 18 -1 18 -2 18 -2 18 -2 17 -3 17 -3 17 -3 18 -4 17 -4 17 -5 17 -5 16 -5 16 -5 16 -5 16 -5 15 -5 15 -5 15 -5 15 -5 15 -5 15 -4 14 -5 14 -5 14 -4 14 0 0 -4 14 -4 14 -3 13 -3 14 -3 13 -3 13 -2 13 -2 14 -2 14 -2 14 -1 14 -1 14 -1 14 -1 14 0 14 0 14 0 14 1 13 0 14 1 14 1 14 1 14 1 14 1 14 2 14 2 14 0 0 0 0 0 0 0 0 0 0 ]
CSI_DATA,STA,94:B9:7E:D9:DB:AD,-51,11,1,7,1,1,1,1,0,0,0,-96,1,6,1,9028604,0,110,0,0,9.21211,384,[110 96 6 0 0 0 0 0 0 0 0 0 -18 -11 -17 -11 -18 -12 -17 -12 -17 -12 -16 -13 -16 -13 -16 -13 -15 -13 -15 -13 -14 -14 -14 -14 -14 -14 -13 -14 -13 -14 -13 -14 -13 -14 -13 -14 -12 -13 -13 -13 -13 -13 -13 -13 -12 -13 -12 -13 -12 -13 -12 -12 0 0 -12 -12 -12 -11 -12 -11 -12 -11 -13 -11 -13 -11 -13 -10 -13 -10 -13 -10 -14 -10 -13 -9 -13 -9 -14 -9 -13 -8 -14 -8 -14 -8 -14 -8 -14 -8 -15 -7 -15 -7 -15 -7 -15 -7 -15 -7 -15 -7 -15 -7 -15 -6 0 0 0 0 0 0 0 0 0 0 ]
CSI_DATA,STA,94:B9:7E:D9:DB:AD,-51,11,1,7,1,1,1,1,0,0,0,-96,1,6,1,10031483,0,110,0,0,10.2149,384,[110 96 6 0 0 0 0 0 0 0 0 0 10 17 9 17 8 18 8 18 8 18 7 18 7 18 6 18 6 18 5 18 5 19 4 18 4 18 4 18 4 18 4 18 4 17 4 17 3 16 3 17 3 17 3 17 4 16 4 16 3 16 4 16 0 0 4 15 4 15 4 15 5 15 4 14 5 14 5 14 5 14 6 14 6 14 6 14 6 14 7 13 7 13 7 13 7 13 8 13 8 13 8 13 9 13 9 13 8 13 9 12 10 12 10 12 10 12 0 0 0 0 0 0 0 0 0 0 ]
CSI_DATA,STA,94:B9:7E:D9:DB:AD,-51,11,1,7,1,1,1,1,0,0,0,-96,1,6,1,11033719,0,110,0,0,11.2171,384,[110 96 6 0 0 0 0 0 0 0 0 0 16 11 15 12 14 13 14 13 14 13 14 13 13 14 13 14 13 14 12 15 11 14 11 15 11 15 10 15 11 15 10 15 10 15 10 14 9 14 10 14 10 14 10 13 10 13 9 13 10 13 9 13 0 0 10 12 10 13 10 12 10 11 10 11 10 11 10 11 10 10 11 11 11 10 11 10 11 10 11 10 12 10 12 10 12 9 12 9 12 9 13 9 13 8 13 8 13 8 13 8 13 8 14 8 13 7 0 0 0 0 0 0 0 0 0 0 ]
CSI_DATA,STA,94:B9:7E:D9:DB:AD,-51,11,1,7,1,1,1,1,0,0,0,-96,1,6,1,12033662,0,110,0,0,12.2171,384,[110 96 6 0 0 0 0 0 0 0 0 0 14 13 14 13 14 14 13 14 13 15 12 15 12 15 12 15 12 15 11 16 10 16 9 16 9 16 9 16 9 15 9 16 9 15 9 15 9 14 9 14 9 14 9 14 9 14 8 14 8 14 8 13 0 0 9 13 9 13 9 12 9 12 9 12 10 11 10 11 10 11 11 11 11 11 10 11 10 11 11 10 11 10 12 10 12 9 12 10 12 9 13 9 13 8 13 9 13 8 13 8 13 9 13 8 14 8 0 0 0 0 0 0 0 0 0 0 ]
CSI_DATA,STA,94:B9:7E:D9:DB:AD,-51,11,1,7,1,1,1,1,0,0,0,-96,1,6,1,13031504,0,110,0,0,13.2149,384,[110 96 6 0 0 0 0 0 0 0 0 0 1 -19 2 -18 2 -19 3 -18 3 -18 3 -18 4 -18 5 -17 5 -18 5 -17 5 -17 6 -17 6 -17 6 -16 6 -16 6 -16 6 -16 6 -15 6 -15 6 -15 6 -15 6 -15 5 -15 6 -14 5 -14 5 -14 0 0 4 -14 4 -14 4 -14 3 -15 3 -14 4 -14 3 -14 3 -14 2 -14 2 -15 2 -14 2 -14 2 -14 1 -15 1 -15 1 -15 1 -15 0 -15 0 -15 0 -15 0 -15 -1 -15 -1 -15 -1 -15 -1 -15 -2 -15 0 0 0 0 0 0 0 0 0 0 ]
CSI_DATA,STA,94:B9:7E:D9:DB:AD,-51,11,1,7,1,1,1,1,0,0,0,-96,1,6,1,14041790,0,110,0,0,14.2254,384,[110 96 6 0 0 0 0 0 0 0 0 0 -18 -5 -17 -5 -18 -6 -17 -6 -18 -7 -16 -7 -17 -7 -16 -8 -16 -8 -16 -9 -16 -9 -16 -9 -15 -9 -15 -9 -14 -9 -15 -9 -14 -8 -15 -9 -13 -8 -14 -8 -14 -8 -14 -8 -14 -8 -13 -8 -13 -8 -13 -8 0 0 -13 -7 -14 -7 -13 -6 -13 -7 -13 -6 -13 -6 -13 -6 -14 -5 -13 -5 -14 -5 -13 -5 -14 -4 -14 -4 -13 -4 -14 -4 -14 -3 -14 -3 -14 -3 -14 -3 -14 -3 -14 -3 -15 -2 -15 -3 -14 -2 -15 -2 -15 -2 0 0 0 0 0 0 0 0 0 0 ]
CSI_DATA,STA,94:B9:7E:D9:DB:AD,-51,11,1,7,1,1,1,1,0,0,0,-96,1,6,1,15034654,0,110,0,0,15.2181,384,[110 96 6 0 0 0 0 0 0 0 0 0 15 9 15 10 14 10 14 11 13 11 13 11 13 11 13 12 12 12 12 12 11 12 11 13 11 13 11 13 11 12 10 12 10 12 10 12 10 12 10 12 10 12 10 11 10 11 9 11 10 11 10 11 0 0 10 10 10 10 10 9 10 9 10 9 10 9 10 9 10 8 11 8 11 8 11 8 11 8 12 7 12 7 12 7 12 7 12 7 12 6 13 6 12 6 13 6 12 6 13 5 13 5 13 5 13 5 0 0 0 0 0 0 0 0 0 0 ]
CSI_DATA,STA,94:B9:7E:D9:DB:AD,-51,11,1,7,1,1,1,1,0,0,0,-96,1,6,1,16036672,0,110,0,0,16.2201,384,[110 96 6 0 0 0 0 0 0 0 0 0 -13 13 -13 12 -14 12 -15 11 -15 11 -15 10 -15 10 -15 10 -16 9 -16 9 -15 8 -16 8 -15 8 -16 8 -16 8 -16 7 -15 7 -15 7 -15 7 -15 7 -15 7 -15 7 -14 7 -14 6 -14 7 -14 7 0 0 -13 7 -14 7 -13 7 -13 7 -12 7 -12 7 -13 8 -12 8 -12 8 -12 8 -12 8 -12 8 -11 9 -11 9 -11 9 -11 9 -11 9 -10 9 -10 10 -10 10 -10 10 -11 10 -10 10 -10 10 -10 11 -10 11 0 0 0 0 0 0 0 0 0 0 ]
CSI_DATA,STA,94:B9:7E:D9:DB:AD,-51,11,1,7,1,1,1,1,0,0,0,-96,1,6,1,17039967,0,110,0,0,17.2234,384,[110 96 6 0 0 0 0 0 0 0 0 0 1 18 0 18 -1 18 -1 18 -2 18 -2 17 -2 17 -3 17 -3 17 -4 17 -4 17 -5 17 -5 16 -5 16 -5 16 -5 16 -5 15 -5 16 -5 15 -5 15 -5 15 -5 15 -5 14 -4 14 -4 14 -4 14 0 0 -4 14 -3 14 -3 14 -3 14 -3 14 -2 14 -2 13 -2 14 -2 14 -2 14 -1 14 -1 14 -1 14 -1 13 0 14 0 14 0 14 0 14 1 14 1 14 1 14 1 14 1 14 1 14 2 14 2 14 0 0 0 0 0 0 0 0 0 0 ]
CSI_DATA,STA,94:B9:7E:D9:DB:AD,-51,11,1,7,1,1,1,1,0,0,0,-96,1,6,1,18037890,0,110,0,0,18.2213,384,[110 96 6 0 0 0 0 0 0 0 0 0 -8 16 -9 15 -9 16 -10 15 -11 15 -10 14 -11 14 -11 14 -11 14 -12 13 -12 13 -12 13 -12 12 -12 12 -12 12 -12 12 -12 12 -11 12 -12 11 -11 11 -12 11 -11 11 -11 11 -11 10 -11 11 -10 10 0 0 -10 11 -10 11 -9 10 -9 11 -9 10 -9 11 -9 11 -9 11 -8 11 -8 11 -8 12 -8 12 -8 12 -8 12 -7 12 -7 12 -7 13 -6 12 -6 13 -6 12 -6 13 -6 13 -6 13 -6 13 -6 13 -5 13 0 0 0 0 0 0 0 0 0 0 ]
CSI_DATA,STA,94:B9:7E:D9:DB:AD,-51,11,1,7,1,1,1,1,0,0,0,-96,1,6,1,19039217,0,110,0,0,19.2227,384,[110 96 6 0 0 0 0 0 0 0 0 0 14 -15 14 -14 15 -13 15 -13 16 -13 15 -12 16 -11 16 -11 16 -11 17 -10 16 -10 17 -10 17 -9 17 -9 16 -9 16 -8 16 -9 15 -8 15 -8 15 -8 15 -8 15 -8 15 -8 14 -8 15 -8 14 -9 0 0 13 -8 14 -9 13 -9 13 -9 12 -9 12 -10 13 -9 12 -10 12 -10 12 -10 12 -11 12 -11 11 -11 11 -11 11 -11 11 -11 11 -12 10 -12 10 -12 10 -13 10 -13 10 -13 10 -13 9 -13 9 -13 9 -13 0 0 0 0 0 0 0 0 0 0 ]
CSI_DATA,STA,94:B9:7E:D9:DB:AD,-51,11,1,7,1,1,1,1,0,0,0,-96,1,6,1,20038316,0,110,0,0,20.2218,384,[110 96 6 0 0 0 0 0 0 0 0 0 -20 3 -20 3 -21 3 -20 1 -21 1 -20 0 -20 0 -20 0 -21 -1 -20 -1 -20 -2 -20 -2 -19 -2 -20 -3 -19 -3 -19 -3 -18 -3 -19 -3 -18 -3 -18 -3 -18 -2 -18 -2 -18 -3 -17 -2 -17 -2 -17 -2 0 0 -17 -2 -17 -2 -16 -1 -17 -1 -16 -1 -16 0 -16 0 -16 0 -16 1 -16 1 -16 1 -16 1 -16 1 -16 2 -16 2 -16 2 -16 2 -15 3 -16 3 -16 3 -16 4 -16 4 -16 4 -16 4 -16 4 -15 4 0 0 0 0 0 0 0 0 0 0 ]
CSI_DATA,STA,94:B9:7E:D9:DB:AD,-50,11,1,6,1,1,1,1,0,0,0,-96,1,6,1,21048761,0,110,0,0,21.2322,384,[110 96 6 0 0 0 0 0 0 0 0 0 -19 3 -18 2 -19 1 -19 1 -19 0 -19 0 -18 -1 -18 -1 -19 -1 -18 -2 -18 -2 -18 -3 -18 -3 -18 -3 -17 -3 -17 -3 -17 -3 -16 -3 -16 -3 -16 -3 -16 -3 -16 -3 -16 -3 -15 -3 -16 -3 -16 -2 0 0 -15 -2 -15 -2 -15 -1 -15 -1 -15 -1 -15 -1 -15 0 -15 0 -15 0 -15 0 -15 1 -15 1 -15 1 -15 1 -15 2 -15 2 -14 2 -14 2 -14 3 -15 3 -14 3 -15 3 -15 3 -14 4 -15 4 -14 4 0 0 0 0 0 0 0 0 0 0 ]
CSI_DATA,STA,94:B9:7E:D9:DB:AD,-51,11,1,7,1,1,1,1,0,0,0,-96,1,6,1,22042989,0,110,0,0,22.2265,384,[110 96 6 0 0 0 0 0 0 0 0 0 -20 5 -19 5 -20 5 -20 4 -21 3 -19 3 -20 2 -20 2 -20 1 -20 1 -20 1 -20 1 -19 0 -20 0 -19 0 -19 0 -19 0 -18 0 -18 0 -18 0 -18 0 -18 0 -17 0 -17 0 -17 1 -17 0 0 0 -17 1 -17 2 -16 2 -16 2 -16 2 -16 3 -16 3 -16 3 -15 4 -15 4 -15 4 -15 4 -16 5 -15 5 -15 5 -15 5 -15 6 -15 6 -14 6 -15 7 -14 6 -15 7 -15 7 -14 8 -14 8 -14 8 0 0 0 0 0 0 0 0 0 0 ]
CSI_DATA,STA,94:B9:7E:D9:DB:AD,-50,11,1,6,1,1,1,1,0,0,0,-96,1,6,1,23057439,0,110,0,0,23.2409,384,[110 96 6 0 0 0 0 0 0 0 0 0 -10 15 -10 15 -11 15 -12 14 -12 14 -12 13 -13 13 -13 13 -13 12 -13 12 -14 12 -14 11 -14 11 -14 11 -13 10 -14 10 -13 10 -13 10 -13 10 -13 10 -13 10 -12 9 -12 9 -12 9 -12 9 -12 9 0 0 -12 9 -12 9 -11 10 -11 10 -10 10 -11 10 -10 10 -10 10 -10 10 -10 10 -10 10 -10 10 -10 11 -9 11 -9 11 -9 11 -9 11 -8 11 -8 12 -8 12 -8 12 -9 12 -8 12 -8 12 -8 12 -7 12 0 0 0 0 0 0 0 0 0 0 ]
CSI_DATA,STA,94:B9:7E:D9:DB:AD,-50,11,1,6,1,1,1,1,0,0,0,-96,1,6,1,24046672,0,110,0,0,24.2301,384,[110 96 6 0 0 0 0 0 0 0 0 0 19 5 19 5 18 6 19 7 18 6 18 7 18 8 17 9 18 9 16 9 17 9 17 10 16 9 16 9 16 9 16 10 15 9 15 9 15 9 15 9 14 9 15 9 14 8 14 8 14 8 14 8 0 0 14 7 14 7 15 7 14 6 14 6 14 6 14 6 14 5 15 5 14 4 14 4 14 4 15 4 15 4 15 3 15 3 15 3 15 3 15 3 15 2 15 2 16 2 15 1 16 1 16 1 16 0 0 0 0 0 0 0 0 0 0 0 ]
CSI_DATA,STA,94:B9:7E:D9:DB:AD,-51,11,1,7,1,1,1,1,0,0,0,-96,1,6,1,25044434,0,110,0,0,25.2279,384,[110 96 6 0 0 0 0 0 0 0 0 0 11 -15 11 -14 12 -14 12 -13 13 -14 12 -13 13 -12 13 -12 13 -12 14 -12 13 -11 14 -11 14 -11 14 -10 13 -10 13 -10 13 -10 13 -10 12 -9 13 -9 13 -9 12 -10 12 -10 12 -9 12 -9 11 -9 0 0 11 -10 11 -9 11 -10 10 -10 10 -10 10 -10 10 -10 10 -11 9 -11 9 -11 9 -11 9 -11 9 -11 8 -11 8 -12 8 -12 8 -12 7 -12 8 -12 7 -13 7 -13 7 -13 7 -13 7 -13 7 -13 6 -13 0 0 0 0 0 0 0 0 0 0 ]
CSI_DATA,STA,94:B9:7E:D9:DB:AD,-51,11,1,7,1,1,1,1,0,0,0,-96,1,6,1,26048683,0,110,0,0,26.2321,384,[110 96 6 0 0 0 0 0 0 0 0 0 3 -19 4 -18 4 -18 5 -18 5 -18 5 -17 6 -17 6 -17 7 -17 7 -17 7 -16 7 -16 8 -16 8 -16 7 -16 8 -16 7 -15 7 -15 7 -15 7 -15 7 -14 7 -15 7 -14 7 -14 6 -14 6 -14 0 0 5 -14 5 -14 5 -14 4 -14 5 -14 4 -14 4 -14 4 -14 3 -14 3 -14 3 -14 3 -14 3 -14 2 -15 2 -14 1 -15 1 -15 1 -15 1 -15 0 -15 0 -15 0 -15 0 -15 0 -15 -1 -15 -1 -15 0 0 0 0 0 0 0 0 0 0 ]
CSI_DATA,STA,94:B9:7E:D9:DB:AD,-51,11,1,7,1,1,1,1,0,0,0,-96,1,6,1,27046783,0,110,0,0,27.2302,384,[110 96 6 0 0 0 0 0 0 0 0 0 8 18 7 18 7 18 6 18 6 19 5 18 5 19 5 19 4 19 3 19 3 19 2 19 2 19 2 18 2 18 2 18 2 18 2 17 2 17 2 17 2 17 2 17 2 16 2 16 2 16 2 16 0 0 3 15 3 16 3 15 3 15 3 14 4 15 4 14 4 15 5 14 5 15 5 15 5 14 5 14 6 14 6 14 6 14 7 14 7 14 7 14 7 13 8 13 7 13 8 13 8 13 8 13 8 13 0 0 0 0 0 0 0 0 0 0 ]
CSI_DATA,STA,94:B9:7E:D9:DB:AD,-51,11,1,7,1,1,1,1,0,0,0,-96,1,6,1,28049805,0,110,0,0,28.2332,384,[110 96 6 0 0 0 0 0 0 0 0 0 9 15 9 15 8 16 7 16 7 16 7 16 6 16 6 17 5 16 5 16 4 17 4 17 4 16 4 16 4 16 3 16 4 16 4 15 3 15 3 15 3 15 3 15 3 15 3 14 3 14 3 14 0 0 4 14 4 14 4 13 5 13 4 12 4 13 5 13 5 13 5 13 6 12 6 12 6 12 6 12 6 12 7 12 7 12 7 12 8 11 8 12 8 12 8 11 8 11 8 11 8 11 9 11 9 11 0 0 0 0 0 0 0 0 0 0 ]
CSI_DATA,STA,94:B9:7E:D9:DB:AD,-50,11,1,6,1,1,1,1,0,0,0,-96,1,6,1,29048872,0,110,0,0,29.2323,384,[110 96 6 0 0 0 0 0 0 0 0 0 17 -4 17 -4 17 -4 18 -3 18 -3 17 -2 17 -2 17 -1 17 -1 17 -1 17 0 17 0 17 0 17 0 17 0 16 1 16 1 15 1 16 1 15 1 15 1 15 1 15 0 15 0 15 0 14 0 0 0 14 0 14 0 14 -1 14 -1 14 -1 14 -1 14 -2 14 -2 14 -2 13 -3 14 -3 13 -3 13 -3 14 -3 13 -3 13 -4 13 -4 13 -4 13 -5 13 -5 13 -5 13 -5 13 -5 13 -6 13 -6 13 -6 0 0 0 0 0 0 0 0 0 0 ]
CSI_DATA,STA,94:B9:7E:D9:DB:AD,-51,11,1,7,1,1,1,1,0,0,0,-96,1,6,1,30050256,0,110,0,0,30.2337,384,[110 96 6 0 0 0 0 0 0 0 0 0 14 -11 15 -10 15 -10 16 -9 15 -9 16 -8 16 -8 16 -8 16 -8 16 -7 16 -7 16 -6 16 -6 16 -5 16 -6 15 -5 15 -5 15 -5 15 -5 15 -5 15 -5 15 -5 14 -5 14 -5 14 -5 14 -5 0 0 13 -6 13 -5 13 -6 12 -6 13 -6 13 -6 13 -6 12 -7 12 -7 12 -7 12 -7 12 -8 12 -8 12 -8 11 -8 11 -9 11 -9 11 -9 11 -9 11 -10 11 -10 11 -10 10 -10 10 -10 10 -10 10 -10 0 0 0 0 0 0 0 0 0 0 ]
CSI_DATA,STA,94:B9:7E:D9:DB:AD,-50,11,1,6,1,1,1,1,0,0,0,-96,1,6,1,31053862,0,110,0,0,31.2373,384,[110 96 6 0 0 0 0 0 0 0 0 0 -9 -19 -8 -19 -8 -20 -7 -19 -7 -20 -6 -20 -6 -20 -5 -20 -5 -20 -4 -20 -4 -20 -4 -20 -3 -20 -3 -20 -3 -19 -3 -19 -3 -18 -3 -18 -3 -18 -2 -18 -3 -18 -2 -18 -3 -18 -3 -17 -3 -17 -3 -17 0 0 -3 -17 -4 -17 -4 -16 -4 -17 -5 -16 -5 -16 -5 -16 -5 -16 -5 -16 -6 -16 -6 -15 -6 -15 -6 -15 -7 -15 -7 -15 -8 -15 -7 -15 -8 -15 -8 -15 -9 -15 -9 -15 -9 -14 -9 -14 -9 -14 -10 -14 -10 -14 0 0 0 0 0 0 0 0 0 0 ]
CSI_DATA,STA,94:B9:7E:D9:DB:AD,-50,11,1,6,1,1,1,1,0,0,0,-96,1,6,1,32059012,0,110,0,0,32.2426,384,[110 96 6 0 0 0 0 0 0 0 0 0 -19 7 -19 7 -19 6 -20 5 -20 5 -19 5 -19 4 -19 4 -19 4 -20 3 -19 2 -19 2 -19 2 -19 2 -19 2 -19 2 -18 1 -18 2 -18 1 -17 1 -18 2 -18 1 -17 2 -17 1 -17 1 -17 2 0 0 -16 2 -17 2 -16 2 -16 3 -15 3 -16 3 -16 4 -15 4 -15 4 -15 5 -15 5 -15 4 -15 5 -14 5 -15 6 -15 6 -15 6 -14 6 -14 7 -14 7 -14 7 -14 7 -14 8 -14 8 -14 8 -14 8 0 0 0 0 0 0 0 0 0 0 ]
CSI_DATA,STA,94:B9:7E:D9:DB:AD,-50,11,1,6,1,1,1,1,0,0,0,-96,1,6,1,33054721,0,110,0,0,33.2381,384,[110 96 6 0 0 0 0 0 0 0 0 0 1 -21 1 -21 2 -21 3 -21 3 -21 3 -20 4 -20 4 -20 5 -20 5 -20 6 -19 6 -19 6 -19 6 -19 6 -18 6 -18 6 -18 6 -18 6 -17 6 -17 6 -17 6 -17 5 -17 5 -17 6 -17 5 -16 0 0 4 -16 4 -16 4 -16 4 -16 3 -16 3 -16 3 -16 2 -16 2 -16 1 -16 1 -16 1 -16 1 -16 1 -16 0 -16 0 -16 0 -17 -1 -17 -1 -16 -1 -17 -2 -17 -2 -17 -2 -17 -2 -17 -2 -17 -2 -17 0 0 0 0 0 0 0 0 0 0 ]
CSI_DATA,STA,94:B9:7E:D9:DB:AD,-50,11,1,6,1,1,1,1,0,0,0,-96,1,6,1,34061264,0,110,0,0,34.2447,384,[110 96 6 0 0 0 0 0 0 0 0 0 -21 0 -21 -1 -21 -2 -21 -2 -21 -3 -20 -3 -20 -4 -20 -4 -20 -5 -19 -5 -19 -5 -19 -6 -19 -6 -19 -6 -19 -6 -18 -5 -18 -6 -18 -5 -18 -5 -17 -6 -17 -5 -17 -5 -17 -5 -16 -5 -17 -5 -17 -5 0 0 -17 -4 -16 -4 -16 -4 -16 -3 -16 -3 -16 -3 -17 -2 -16 -2 -16 -2 -16 -1 -16 -1 -16 -1 -16 -1 -16 -1 -16 0 -16 0 -16 0 -16 1 -16 2 -16 1 -16 1 -17 2 -16 2 -16 2 -16 2 -16 2 0 0 0 0 0 0 0 0 0 0 ]
CSI_DATA,STA,94:B9:7E:D9:DB:AD,-51,11,1,7,1,1,1,1,0,0,0,-96,1,6,1,35055536,0,110,0,0,35.239,384,[110 96 6 0 0 0 0 0 0 0 0 0 -16 -13 -15 -15 -15 -15 -14 -15 -14 -15 -14 -16 -13 -16 -13 -16 -12 -16 -11 -16 -12 -17 -11 -17 -11 -17 -11 -17 -10 -17 -10 -16 -10 -16 -10 -16 -10 -16 -9 -16 -10 -16 -10 -15 -9 -15 -10 -14 -10 -15 -10 -15 0 0 -10 -14 -9 -14 -10 -13 -10 -13 -10 -13 -11 -13 -11 -12 -11 -12 -11 -12 -11 -12 -11 -11 -12 -11 -12 -11 -12 -11 -12 -11 -13 -11 -13 -10 -13 -11 -13 -10 -13 -10 -14 -10 -14 -10 -13 -9 -14 -9 -14 -9 -15 -9 0 0 0 0 0 0 0 0 0 0 ]
CSI_DATA,STA,94:B9:7E:D9:DB:AD,-51,11,1,7,1,1,1,1,0,0,0,-96,1,6,1,36059212,0,110,0,0,36.2427,384,[110 96 6 0 0 0 0 0 0 0 0 0 -5 17 -6 17 -6 17 -7 17 -7 16 -7 16 -8 16 -8 15 -8 15 -9 15 -9 14 -10 14 -10 14 -10 14 -10 14 -10 14 -10 14 -9 13 -10 13 -9 13 -9 13 -9 12 -9 12 -9 12 -9 12 -9 12 0 0 -8 12 -8 12 -8 12 -7 12 -7 12 -6 12 -7 12 -6 12 -6 12 -6 13 -6 13 -6 13 -6 13 -5 13 -5 13 -5 13 -4 13 -4 13 -4 13 -4 13 -4 14 -4 14 -4 13 -4 13 -3 14 -3 14 0 0 0 0 0 0 0 0 0 0 ]
CSI_DATA,STA,94:B9:7E:D9:DB:AD,-51,11,1,7,1,1,1,1,0,0,0,-96,1,6,1,37060026,0,110,0,0,37.2434,384,[110 96 6 0 0 0 0 0 0 0 0 0 -18 5 -18 5 -19 4 -19 3 -19 3 -18 2 -18 2 -18 2 -18 1 -18 1 -18 0 -18 0 -18 -1 -18 0 -18 0 -17 -1 -17 -1 -17 -1 -17 0 -17 0 -16 -1 -16 -1 -16 -1 -16 -1 -16 -1 -16 0 0 0 -15 0 -15 0 -15 1 -15 1 -15 1 -15 1 -15 1 -15 2 -15 2 -15 2 -14 2 -14 2 -15 3 -14 3 -14 3 -14 4 -14 4 -14 4 -14 4 -14 4 -14 5 -14 5 -14 5 -14 5 -14 5 -14 6 0 0 0 0 0 0 0 0 0 0 ]
CSI_DATA,STA,94:B9:7E:D9:DB:AD,-51,11,1,7,1,1,1,1,0,0,0,-96,1,6,1,38057394,0,110,0,0,38.2408,384,[110 96 6 0 0 0 0 0 0 0 0 0 2 17 1 18 0 18 -1 18 -1 18 -1 17 -2 17 -2 17 -3 17 -3 17 -3 17 -4 17 -4 16 -4 16 -4 16 -4 16 -4 16 -4 15 -4 15 -4 15 -4 15 -4 15 -4 15 -4 15 -4 15 -4 14 0 0 -3 14 -3 14 -3 14 -3 14 -2 14 -2 14 -2 13 -2 14 -1 14 -1 14 -1 14 -1 14 0 14 0 14 0 14 0 14 0 13 0 13 1 14 1 13 2 14 1 14 2 14 2 14 2 14 2 14 0 0 0 0 0 0 0 0 0 0 ]
CSI_DATA,STA,94:B9:7E:D9:DB:AD,-51,11,1,7,1,1,1,1,0,0,0,-96,1,6,1,39058745,0,110,0,0,39.2422,384,[110 96 6 0 0 0 0 0 0 0 0 0 -14 -16 -14 -16 -13 -17 -12 -17 -12 -17 -12 -17 -11 -17 -10 -18 -10 -18 -9 -18 -9 -18 -9 -18 -8 -18 -8 -18 -8 -18 -8 -18 -8 -17 -8 -17 -8 -17 -8 -17 -8 -17 -8 -16 -8 -16 -7 -16 -7 -16 -8 -16 0 0 -8 -15 -8 -15 -8 -14 -9 -15 -9 -14 -9 -14 -9 -14 -10 -14 -10 -13 -10 -13 -10 -13 -10 -13 -10 -13 -11 -12 -11 -12 -12 -12 -11 -12 -12 -12 -12 -12 -12 -12 -13 -12 -13 -11 -12 -11 -13 -11 -13 -11 -13 -11 0 0 0 0 0 0 0 0 0 0 ]
CSI_DATA,STA,94:B9:7E:D9:DB:AD,-51,11,1,7,1,1,1,1,0,0,0,-96,1,6,1,40061824,0,110,0,0,40.2453,384,[110 96 6 0 0 0 0 0 0 0 0 0 17 4 17 5 17 5 16 6 16 6 16 6 16 7 16 7 15 7 15 8 15 8 15 8 15 9 14 8 14 8 14 8 13 8 13 8 13 8 13 8 13 7 13 8 13 7 12 8 12 7 13 7 0 0 13 6 13 6 13 6 12 6 12 5 13 5 13 5 13 4 13 4 13 4 13 4 13 4 13 4 14 4 13 3 13 3 13 3 13 2 14 2 14 2 14 2 14 2 14 1 14 1 14 1 14 1 0 0 0 0 0 0 0 0 0 0 ]
CSI_DATA,STA,94:B9:7E:D9:DB:AD,-51,11,1,7,1,1,1,1,0,0,0,-96,1,6,1,41061035,0,110,0,0,41.2445,384,[110 96 6 0 0 0 0 0 0 0 0 0 -20 -7 -19 -7 -19 -8 -19 -9 -19 -9 -18 -10 -18 -10 -18 -10 -17 -11 -17 -11 -17 -11 -17 -12 -16 -12 -16 -12 -15 -11 -15 -12 -15 -11 -15 -11 -14 -11 -14 -11 -14 -11 -14 -11 -14 -11 -14 -11 -14 -11 -14 -11 0 0 -14 -10 -14 -10 -14 -9 -14 -9 -14 -9 -14 -9 -14 -9 -15 -8 -14 -8 -15 -8 -14 -7 -15 -7 -15 -7 -15 -7 -15 -7 -15 -6 -15 -6 -15 -6 -15 -5 -16 -5 -16 -5 -16 -5 -16 -5 -16 -5 -16 -5 -16 -5 0 0 0 0 0 0 0 0 0 0 ]
CSI_DATA,STA,94:B9:7E:D9:DB:AD,-51,11,1,7,1,1,1,1,0,0,0,-96,1,6,1,42065677,0,110,0,0,42.2491,384,[110 96 6 0 0 0 0 0 0 0 0 0 10 -15 11 -15 11 -14 12 -14 11 -14 12 -14 12 -13 13 -12 13 -12 13 -12 13 -12 13 -11 13 -11 13 -11 13 -11 13 -10 13 -10 12 -10 13 -10 13 -10 12 -9 12 -10 11 -10 12 -10 12 -10 11 -10 0 0 11 -10 11 -10 11 -10 10 -10 10 -10 10 -10 10 -10 9 -11 9 -11 9 -11 8 -11 8 -12 8 -12 9 -12 8 -11 8 -12 8 -12 7 -12 8 -13 7 -13 7 -13 7 -13 7 -13 6 -13 6 -13 6 -13 0 0 0 0 0 0 0 0 0 0 ]
CSI_DATA,STA,94:B9:7E:D9:DB:AD,-50,11,1,6,1,1,1,1,0,0,0,-96,1,6,1,43074156,0,110,0,0,43.2576,384,[110 96 6 0 0 0 0 0 0 0 0 0 -15 10 -15 10 -16 9 -17 9 -16 8 -16 8 -16 8 -16 7 -17 7 -17 6 -17 6 -17 6 -17 5 -17 5 -17 5 -17 5 -16 4 -16 4 -16 4 -16 5 -15 5 -16 4 -15 4 -15 4 -15 4 -15 4 0 0 -14 5 -14 5 -14 5 -14 5 -14 5 -13 5 -14 6 -13 6 -13 6 -13 6 -13 6 -13 7 -13 7 -13 7 -12 7 -13 7 -12 7 -12 8 -12 8 -11 8 -12 8 -12 8 -12 9 -11 9 -12 9 -11 9 0 0 0 0 0 0 0 0 0 0 ]
CSI_DATA,STA,94:B9:7E:D9:DB:AD,-51,11,1,7,1,1,1,1,0,0,0,-96,1,6,1,44067799,0,110,0,0,44.2512,384,[110 96 6 0 0 0 0 0 0 0 0 0 -16 -11 -16 -11 -15 -12 -15 -12 -14 -12 -14 -13 -13 -13 -13 -13 -13 -13 -12 -13 -13 -14 -12 -14 -11 -14 -11 -14 -12 -14 -11 -13 -11 -13 -11 -13 -10 -13 -10 -13 -10 -13 -10 -13 -10 -12 -10 -12 -10 -12 -10 -12 0 0 -11 -12 -10 -11 -10 -11 -11 -11 -11 -11 -11 -10 -11 -11 -11 -10 -11 -10 -12 -10 -12 -9 -12 -9 -12 -9 -12 -9 -12 -9 -13 -8 -13 -8 -13 -8 -13 -8 -13 -7 -13 -8 -13 -7 -13 -7 -14 -7 -14 -7 -14 -7 0 0 0 0 0 0 0 0 0 0 ]
CSI_DATA,STA,94:B9:7E:D9:DB:AD,-49,11,1,5,1,1,1,1,0,0,0,-96,1,6,1,45071373,0,110,0,0,45.2548,384,[110 96 6 0 0 0 0 0 0 0 0 0 18 10 17 10 17 11 17 11 16 12 15 12 15 12 15 13 15 14 14 13 14 13 14 14 13 14 13 14 13 14 13 14 12 13 12 13 12 13 12 13 12 13 12 13 11 13 11 12 11 12 11 12 0 0 12 12 12 12 12 11 12 11 11 10 12 10 12 10 12 10 12 10 12 9 13 9 13 9 13 9 13 9 13 8 14 8 14 8 14 7 14 8 14 7 14 7 14 7 15 6 14 6 15 6 15 6 0 0 0 0 0 0 0 0 0 0 ]
CSI_DATA,STA,94:B9:7E:D9:DB:AD,-50,11,1,6,1,1,1,1,0,0,0,-96,1,6,1,46066194,0,110,0,0,46.2496,384,[110 96 6 0 0 0 0 0 0 0 0 0 20 0 20 1 20 2 20 2 20 3 19 3 19 3 19 4 19 4 19 5 18 5 18 5 18 5 18 6 18 6 18 6 17 5 17 5 17 5 17 5 16 5 16 5 16 5 15 4 16 5 16 4 0 0 15 3 16 3 15 3 15 3 15 2 15 2 15 2 16 1 15 1 15 1 15 1 15 0 15 0 16 0 15 -1 15 -1 16 -1 15 -1 16 -2 16 -2 15 -2 16 -3 16 -3 15 -3 15 -3 15 -3 0 0 0 0 0 0 0 0 0 0 ]
CSI_DATA,STA,94:B9:7E:D9:DB:AD,-50,11,1,6,1,1,1,1,0,0,0,-96,1,6,1,47067690,0,110,0,0,47.2511,384,[110 96 6 0 0 0 0 0 0 0 0 0 19 -5 19 -5 19 -4 20 -3 20 -3 19 -2 19 -1 20 -1 20 0 19 0 19 0 19 1 19 1 19 1 19 1 18 2 18 2 17 1 17 2 17 2 17 2 17 2 17 1 16 1 17 1 17 1 0 0 16 1 16 1 16 1 15 0 15 0 16 0 15 0 16 -1 16 -1 15 -1 16 -2 16 -2 16 -2 16 -3 15 -2 15 -3 15 -3 15 -3 15 -3 15 -4 15 -4 16 -4 15 -5 15 -5 15 -5 15 -5 0 0 0 0 0 0 0 0 0 0 ]
CSI_DATA,STA,94:B9:7E:D9:DB:AD,-51,11,1,7,1,1,1,1,0,0,0,-96,1,6,1,48067431,0,110,0,0,48.2509,384,[110 96 6 0 0 0 0 0 0 0 0 0 -1 19 -2 20 -3 20 -4 20 -4 19 -4 19 -5 19 -5 19 -6 19 -6 18 -6 18 -7 18 -7 17 -7 17 -7 17 -7 17 -7 17 -7 16 -7 16 -7 16 -7 16 -7 16 -6 16 -6 15 -6 15 -6 15 0 0 -5 15 -5 15 -5 15 -4 15 -4 15 -4 15 -4 15 -4 15 -3 15 -3 15 -3 15 -3 15 -2 15 -2 15 -1 15 -1 16 -1 15 -1 16 -1 16 0 16 0 16 0 16 0 15 1 16 1 16 1 16 0 0 0 0 0 0 0 0 0 0 ]
CSI_DATA,STA,94:B9:7E:D9:DB:AD,-51,11,1,7,1,1,1,1,0,0,0,-96,1,6,1,49071008,0,110,0,0,49.2544,384,[110 96 6 0 0 0 0 0 0 0 0 0 4 -18 5 -18 6 -18 7 -18 7 -17 7 -17 7 -17 7 -17 8 -17 8 -16 8 -15 9 -16 9 -15 9 -15 9 -15 9 -14 8 -14 8 -14 9 -14 9 -14 8 -14 8 -14 8 -13 8 -13 8 -13 7 -13 0 0 7 -13 7 -13 7 -14 6 -13 6 -13 6 -13 6 -13 5 -14 5 -14 4 -13 5 -14 4 -14 4 -14 4 -14 4 -14 3 -14 4 -14 3 -14 3 -14 2 -15 2 -15 2 -15 2 -15 2 -15 2 -15 1 -15 0 0 0 0 0 0 0 0 0 0 ]
CSI_DATA,STA,94:B9:7E:D9:DB:AD,-51,11,1,7,1,1,1,1,0,0,0,-96,1,6,1,50071957,0,110,0,0,50.2554,384,[110 96 6 0 0 0 0 0 0 0 0 0 17 9 17 9 17 10 16 11 16 11 16 12 15 12 15 12 14 13 14 13 14 13 14 13 13 13 13 13 12 13 12 13 12 13 12 12 12 13 12 12 11 12 11 12 11 12 11 11 11 12 11 11 0 0 11 11 11 11 12 10 11 10 11 10 12 10 12 10 11 9 12 9 12 9 12 9 12 8 13 8 13 8 13 8 13 8 13 7 13 7 14 7 14 7 14 7 14 7 14 6 14 6 14 6 14 6 0 0 0 0 0 0 0 0 0 0 ]
CSI_DATA,STA,94:B9:7E:D9:DB:AD,-51,11,1,7,1,1,1,1,0,0,0,-96,1,6,1,51072243,0,110,0,0,51.2557,384,[110 96 6 0 0 0 0 0 0 0 0 0 18 7 18 8 18 8 17 9 17 9 17 9 16 10 17 10 16 10 16 10 16 11 15 11 15 11 15 11 14 11 14 11 14 11 14 11 13 11 14 11 13 11 13 10 13 10 12 10 13 10 13 9 0 0 13 9 13 10 13 9 13 8 13 8 13 7 13 8 13 7 13 7 13 7 14 6 14 6 14 6 15 6 14 5 14 5 14 5 15 4 15 5 15 4 15 4 15 4 15 3 15 3 16 3 16 3 0 0 0 0 0 0 0 0 0 0 ]
CSI_DATA,STA,94:B9:7E:D9:DB:AD,-51,11,1,7,1,1,1,1,0,0,0,-96,1,6,1,52072662,0,110,0,0,52.2561,384,[110 96 6 0 0 0 0 0 0 0 0 0 -19 -1 -19 -1 -19 -2 -18 -2 -19 -3 -18 -3 -18 -3 -18 -3 -18 -4 -18 -4 -17 -5 -18 -5 -17 -5 -17 -6 -17 -5 -17 -5 -16 -5 -16 -5 -16 -5 -16 -5 -16 -4 -16 -5 -15 -5 -15 -5 -15 -5 -15 -5 0 0 -15 -4 -15 -3 -14 -3 -15 -3 -14 -3 -15 -2 -15 -2 -15 -2 -15 -1 -15 -2 -15 -1 -15 -1 -15 -1 -15 0 -15 0 -15 0 -15 0 -15 1 -14 1 -15 1 -15 2 -15 2 -15 1 -15 2 -15 2 -15 2 0 0 0 0 0 0 0 0 0 0 ]
CSI_DATA,STA,94:B9:7E:D9:DB:AD,-50,11,1,6,1,1,1,1,0,0,0,-96,1,6,1,53076020,0,110,0,0,53.2594,384,[110 96 6 0 0 0 0 0 0 0 0 0 -6 17 -7 16 -8 17 -8 16 -9 16 -9 15 -9 15 -9 15 -10 15 -10 14 -10 14 -11 14 -11 14 -11 13 -11 13 -11 13 -11 12 -10 12 -11 12 -10 12 -10 12 -11 12 -10 12 -10 12 -10 12 -10 11 0 0 -9 12 -9 12 -9 12 -9 12 -8 11 -8 12 -8 12 -8 12 -8 12 -7 12 -7 12 -7 12 -7 13 -7 13 -6 13 -6 13 -6 13 -5 13 -5 13 -5 13 -5 13 -5 13 -5 13 -5 13 -4 14 -4 14 0 0 0 0 0 0 0 0 0 0 ]
CSI_DATA,STA,94:B9:7E:D9:DB:AD,-51,11,1,7,1,1,1,1,0,0,0,-96,1,6,1,54079127,0,110,0,0,54.2626,384,[110 96 6 0 0 0 0 0 0 0 0 0 7 -19 7 -19 8 -19 9 -18 9 -18 9 -17 9 -17 10 -17 10 -17 11 -16 11 -16 11 -15 11 -15 11 -15 11 -15 11 -15 11 -14 11 -14 10 -13 11 -14 10 -14 10 -14 10 -14 10 -13 10 -13 10 -13 0 0 9 -13 9 -14 9 -13 8 -14 8 -13 7 -14 7 -13 7 -14 7 -14 7 -14 7 -14 7 -14 6 -14 6 -15 6 -14 5 -15 6 -15 5 -15 4 -15 4 -16 4 -16 4 -16 4 -16 4 -16 4 -16 3 -16 0 0 0 0 0 0 0 0 0 0 ]
CSI_DATA,STA,94:B9:7E:D9:DB:AD,-50,11,1,6,1,1,1,1,0,0,0,-96,1,6,1,55075220,0,110,0,0,55.2586,384,[110 96 6 0 0 0 0 0 0 0 0 0 -19 -4 -19 -4 -19 -5 -19 -6 -18 -6 -18 -7 -17 -7 -18 -7 -17 -8 -17 -8 -17 -8 -16 -8 -16 -9 -16 -9 -15 -8 -16 -9 -15 -8 -15 -8 -15 -8 -14 -8 -15 -8 -14 -8 -14 -8 -14 -7 -14 -8 -14 -7 0 0 -14 -7 -14 -7 -14 -6 -14 -6 -14 -6 -14 -5 -14 -5 -14 -5 -14 -5 -15 -4 -14 -4 -15 -4 -15 -4 -14 -3 -15 -3 -15 -3 -15 -3 -14 -3 -15 -2 -15 -2 -15 -2 -15 -2 -15 -1 -15 -1 -15 -2 -15 -1 0 0 0 0 0 0 0 0 0 0 ]
CSI_DATA,STA,94:B9:7E:D9:DB:AD,-50,11,1,6,1,1,1,1,0,0,0,-96,1,6,1,56074971,0,110,0,0,56.2584,384,[110 96 6 0 0 0 0 0 0 0 0 0 6 19 5 19 5 20 4 19 3 20 3 19 3 19 2 19 2 20 1 20 0 19 0 19 -1 19 -1 18 0 18 0 19 0 17 0 18 0 17 0 18 0 17 0 17 -1 17 0 16 -1 16 0 16 0 0 0 16 1 17 1 15 2 16 1 15 2 15 2 15 2 15 3 15 3 16 3 15 3 15 3 15 4 14 5 15 5 14 5 15 5 14 5 14 6 15 5 14 6 14 6 15 6 15 6 14 7 14 0 0 0 0 0 0 0 0 0 0 ]
CSI_DATA,STA,94:B9:7E:D9:DB:AD,-51,11,1,7,1,1,1,1,0,0,0,-96,1,6,1,57078380,0,110,0,0,57.2618,384,[110 96 6 0 0 0 0 0 0 0 0 0 -20 6 -20 5 -20 5 -21 4 -20 3 -20 3 -20 3 -20 2 -20 2 -20 1 -20 0 -20 0 -20 0 -20 0 -20 0 -19 0 -19 0 -18 0 -18 0 -18 0 -18 -1 -18 0 -17 0 -17 0 -18 0 -17 0 0 0 -17 0 -17 1 -17 1 -16 1 -16 1 -16 1 -16 2 -16 2 -16 2 -16 2 -16 3 -16 3 -16 3 -16 4 -16 4 -16 4 -15 5 -15 5 -15 5 -15 5 -15 5 -16 6 -15 6 -15 6 -15 6 -15 6 0 0 0 0 0 0 0 0 0 0 ]
CSI_DATA,STA,94:B9:7E:D9:DB:AD,-51,11,1,7,1,1,1,1,0,0,0,-96,1,6,1,58077393,0,110,0,0,58.2608,384,[110 96 6 0 0 0 0 0 0 0 0 0 18 -2 18 -2 18 -1 18 -1 18 0 17 0 17 1 17 1 18 2 17 2 17 2 17 3 17 3 16 3 16 3 16 4 15 3 15 3 15 3 15 3 15 3 15 3 15 3 14 3 14 3 14 2 0 0 14 2 14 2 14 2 14 2 14 1 14 1 14 1 14 0 14 0 14 0 14 0 13 0 14 0 14 -1 14 -1 14 -1 14 -1 14 -2 14 -2 14 -2 14 -2 14 -3 14 -3 14 -3 14 -3 14 -3 0 0 0 0 0 0 0 0 0 0 ]
CSI_DATA,STA,94:B9:7E:D9:DB:AD,-51,11,1,7,1,1,1,1,0,0,0,-96,1,6,1,59086414,0,110,0,0,59.2698,384,[110 96 6 0 0 0 0 0 0 0 0 0 18 2 17 3 17 3 17 4 17 4 17 4 17 5 16 6 16 6 16 6 16 6 15 7 15 7 15 7 15 7 15 7 14 7 14 7 14 6 14 7 13 6 14 6 14 6 13 6 13 6 13 5 0 0 13 5 14 5 13 5 13 4 13 4 13 3 13 4 13 3 13 3 13 3 13 3 13 2 13 2 13 2 14 1 13 1 14 1 14 1 14 1 14 0 14 0 14 0 14 0 14 -1 14 -1 14 -1 0 0 0 0 0 0 0 0 0 0 ]
CSI_DATA,STA,94:B9:7E:D9:DB:AD,-51,11,1,7,1,1,1,1,0,0,0,-96,1,6,1,60080071,0,110,0,0,60.2635,384,[110 96 6 0 0 0 0 0 0 0 0 0 15 -11 15 -10 16 -10 16 -9 16 -9 16 -8 16 -8 16 -7 16 -7 17 -6 16 -6 17 -6 16 -6 16 -5 16 -5 16 -5 15 -5 15 -5 15 -5 15 -5 15 -5 15 -5 14 -5 14 -5 14 -5 14 -5 0 0 13 -5 14 -6 13 -5 13 -6 13 -6 13 -6 12 -6 12 -7 12 -7 12 -8 12 -8 12 -8 11 -8 11 -8 12 -8 11 -9 12 -9 11 -9 11 -9 11 -10 11 -10 11 -10 11 -10 10 -10 10 -10 10 -10 0 0 0 0 0 0 0 0 0 0 ]
CSI_DATA,STA,94:B9:7E:D9:DB:AD,-51,11,1,7,1,1,1,1,0,0,0,-96,1,6,1,61084406,0,110,0,0,61.2678,384,[110 96 6 0 0 0 0 0 0 0 0 0 3 -19 4 -18 5 -19 5 -18 5 -18 5 -17 6 -17 6 -17 7 -17 7 -17 7 -17 7 -16 7 -16 8 -16 7 -15 8 -16 7 -15 7 -15 7 -14 7 -15 7 -14 7 -15 6 -14 7 -14 6 -14 6 -14 0 0 5 -14 5 -14 5 -14 5 -14 4 -14 4 -14 4 -14 4 -14 3 -14 3 -14 2 -14 3 -14 2 -14 2 -14 2 -15 1 -15 2 -15 1 -14 0 -15 0 -15 0 -15 0 -15 0 -15 -1 -15 -1 -15 -1 -15 0 0 0 0 0 0 0 0 0 0 ]
CSI_DATA,STA,94:B9:7E:D9:DB:AD,-51,11,1,7,1,1,1,1,0,0,0,-96,1,6,1,62086098,0,110,0,0,62.2695,384,[110 96 6 0 0 0 0 0 0 0 0 0 -18 5 -18 4 -19 4 -19 3 -19 3 -18 2 -18 2 -19 2 -18 2 -18 1 -18 0 -18 0 -18 0 -18 -1 -17 0 -18 -1 -17 -1 -17 -1 -16 -1 -16 -1 -16 0 -16 0 -16 0 -16 -1 -16 -1 -15 0 0 0 -15 0 -15 0 -15 1 -15 1 -15 1 -15 1 -15 2 -15 2 -14 2 -15 2 -14 2 -14 2 -15 3 -14 3 -15 3 -14 3 -14 4 -14 4 -14 5 -14 5 -14 5 -14 5 -14 5 -14 5 -14 5 -14 6 0 0 0 0 0 0 0 0 0 0 ]
CSI_DATA,STA,94:B9:7E:D9:DB:AD,-51,11,1,7,1,1,1,1,0,0,0,-96,1,6,1,63086344,0,110,0,0,63.2698,384,[110 96 6 0 0 0 0 0 0 0 0 0 16 7 16 8 15 8 15 8 15 9 15 9 14 9 14 10 14 10 13 10 13 10 13 11 12 11 12 11 12 11 12 11 12 11 12 10 11 11 11 10 11 10 11 10 11 10 11 9 11 9 11 9 0 0 11 9 11 8 11 9 11 8 11 8 11 8 11 7 11 7 11 7 11 7 12 6 12 6 12 6 12 6 12 5 12 5 13 5 13 5 13 5 13 5 13 5 13 5 13 4 13 4 13 4 13 3 0 0 0 0 0 0 0 0 0 0 ]
CSI_DATA,STA,94:B9:7E:D9:DB:AD,-51,11,1,7,1,1,1,1,0,0,0,-96,1,6,1,64085199,0,110,0,0,64.2686,384,[110 96 6 0 0 0 0 0 0 0 0 0 12 -14 12 -14 13 -13 14 -13 13 -12 14 -12 14 -11 14 -10 14 -10 14 -10 15 -10 14 -10 14 -9 14 -9 14 -9 14 -8 14 -9 13 -8 14 -8 14 -8 14 -8 13 -8 13 -8 13 -8 13 -8 13 -8 0 0 12 -8 12 -8 12 -9 11 -9 11 -9 11 -9 11 -9 11 -9 11 -9 10 -10 10 -10 10 -10 10 -10 10 -10 10 -10 9 -11 10 -11 9 -11 9 -11 9 -11 9 -12 9 -12 9 -12 8 -12 8 -12 8 -13 0 0 0 0 0 0 0 0 0 0 ]
CSI_DATA,STA,94:B9:7E:D9:DB:AD,-51,11,1,7,1,1,1,1,0,0,0,-96,1,6,1,65084097,0,110,0,0,65.2675,384,[110 96 6 0 0 0 0 0 0 0 0 0 7 -19 7 -19 8 -19 9 -18 9 -19 9 -18 9 -18 9 -17 10 -18 11 -17 11 -16 11 -16 12 -16 12 -15 11 -15 11 -15 11 -15 11 -15 11 -14 11 -14 10 -14 10 -14 10 -14 10 -14 10 -14 10 -14 0 0 9 -14 9 -14 9 -14 8 -14 8 -13 8 -14 7 -14 7 -14 7 -15 6 -15 6 -14 7 -14 6 -14 6 -15 6 -15 5 -15 5 -16 5 -15 4 -15 4 -16 4 -16 4 -16 4 -16 4 -16 4 -16 3 -16 0 0 0 0 0 0 0 0 0 0 ]
CSI_DATA,STA,94:B9:7E:D9:DB:AD,-51,11,1,7,1,1,1,1,0,0,0,-96,1,6,1,66085794,0,110,0,0,66.2692,384,[110 96 6 0 0 0 0 0 0 0 0 0 0 -20 1 -21 2 -20 3 -21 4 -20 4 -20 5 -20 5 -20 6 -20 5 -19 6 -19 6 -19 6 -19 7 -18 6 -18 7 -17 6 -18 6 -17 6 -17 7 -17 6 -17 6 -17 6 -16 6 -16 6 -16 5 -16 0 0 5 -16 5 -16 5 -16 4 -16 4 -16 4 -16 4 -16 3 -16 3 -16 2 -16 2 -16 2 -16 2 -16 1 -17 1 -16 1 -17 1 -16 0 -17 0 -16 0 -17 0 -17 0 -17 -1 -16 -1 -17 -1 -17 -1 -17 0 0 0 0 0 0 0 0 0 0 ]
CSI_DATA,STA,94:B9:7E:D9:DB:AD,-51,11,1,7,1,1,1,1,0,0,0,-96,1,6,1,67086934,0,110,0,0,67.2703,384,[110 96 6 0 0 0 0 0 0 0 0 0 -15 13 -15 13 -17 12 -17 12 -17 11 -17 11 -17 11 -17 10 -17 10 -18 9 -18 8 -18 8 -18 8 -18 7 -17 8 -18 7 -17 7 -17 7 -17 7 -16 7 -16 7 -16 7 -16 7 -16 6 -16 6 -15 7 0 0 -15 7 -15 7 -15 7 -15 8 -14 7 -14 8 -14 8 -14 8 -14 8 -14 9 -14 8 -13 8 -13 9 -13 9 -13 10 -12 9 -13 10 -12 10 -12 10 -12 10 -12 11 -12 11 -12 11 -12 11 -12 11 -11 11 0 0 0 0 0 0 0 0 0 0 ]
CSI_DATA,STA,94:B9:7E:D9:DB:AD,-51,11,1,7,1,1,1,1,0,0,0,-96,1,6,1,68089431,0,110,0,0,68.2729,384,[110 96 6 0 0 0 0 0 0 0 0 0 -15 11 -15 10 -16 10 -16 9 -16 9 -16 8 -16 8 -16 8 -16 8 -17 7 -17 6 -17 6 -17 5 -16 5 -16 5 -17 5 -16 5 -16 5 -16 5 -16 5 -15 5 -15 5 -15 4 -15 4 -15 5 -15 5 0 0 -14 5 -14 5 -14 5 -14 6 -13 6 -14 6 -13 6 -13 6 -13 7 -13 7 -13 7 -13 7 -12 7 -12 7 -12 8 -12 8 -12 8 -12 8 -11 9 -11 9 -11 9 -12 9 -12 9 -11 9 -11 10 -11 10 0 0 0 0 0 0 0 0 0 0 ]
CSI_DATA,STA,94:B9:7E:D9:DB:AD,-51,11,1,7,1,1,1,1,0,0,0,-96,1,6,1,69087814,0,110,0,0,69.2712,384,[110 96 6 0 0 0 0 0 0 0 0 0 -3 19 -4 19 -5 20 -5 19 -6 19 -6 18 -6 18 -7 18 -7 18 -8 18 -8 18 -9 17 -9 17 -9 17 -8 16 -8 17 -8 16 -8 17 -8 15 -8 16 -8 16 -7 15 -7 16 -7 15 -7 15 -7 14 0 0 -6 15 -6 15 -5 14 -5 15 -5 14 -5 15 -4 15 -4 15 -3 15 -3 16 -3 15 -3 15 -3 15 -3 15 -1 16 -1 15 -1 16 -1 15 -1 15 0 16 0 16 0 16 0 16 1 16 1 16 1 16 0 0 0 0 0 0 0 0 0 0 ]
CSI_DATA,STA,94:B9:7E:D9:DB:AD,-51,11,1,7,1,1,1,1,0,0,0,-96,1,6,1,70102117,0,110,0,0,70.2856,384,[110 96 6 0 0 0 0 0 0 0 0 0 -18 5 -18 4 -18 4 -18 4 -19 3 -18 2 -19 2 -18 1 -18 2 -19 1 -18 0 -18 0 -18 -1 -18 0 -18 0 -17 0 -17 -1 -17 -1 -16 -1 -16 -1 -16 -1 -16 -1 -16 -1 -16 -1 -16 -1 -16 0 0 0 -15 0 -15 0 -15 0 -15 1 -15 1 -15 1 -15 1 -15 1 -14 2 -15 2 -15 2 -14 2 -14 3 -14 3 -14 3 -14 3 -14 4 -14 4 -14 4 -14 4 -14 4 -15 5 -14 5 -14 5 -14 5 -14 5 0 0 0 0 0 0 0 0 0 0 ]
CSI_DATA,STA,94:B9:7E:D9:DB:AD,-51,11,1,7,1,1,1,1,0,0,0,-96,1,6,1,71093824,0,110,0,0,71.2773,384,[110 96 6 0 0 0 0 0 0 0 0 0 -15 -11 -15 -12 -14 -12 -14 -13 -14 -13 -13 -13 -13 -13 -12 -14 -12 -14 -12 -14 -12 -14 -11 -14 -11 -14 -11 -14 -11 -14 -10 -14 -10 -14 -10 -13 -10 -13 -10 -13 -10 -13 -10 -13 -10 -13 -10 -12 -10 -12 -10 -12 0 0 -10 -12 -10 -11 -10 -11 -11 -11 -10 -10 -11 -11 -10 -10 -11 -10 -11 -10 -11 -10 -12 -9 -12 -9 -12 -9 -12 -9 -12 -9 -12 -8 -12 -8 -13 -8 -13 -8 -13 -7 -13 -7 -13 -7 -13 -7 -14 -7 -14 -7 -14 -6 0 0 0 0 0 0 0 0 0 0 ]
CSI_DATA,STA,94:B9:7E:D9:DB:AD,-51,11,1,7,1,1,1,1,0,0,0,-96,1,6,1,72097483,0,110,0,0,72.281,384,[110 96 6 0 0 0 0 0 0 0 0 0 -14 11 -14 11 -15 11 -15 10 -15 10 -15 9 -15 9 -16 8 -16 8 -16 8 -16 8 -16 7 -16 7 -16 7 -15 7 -15 6 -15 6 -15 6 -15 6 -14 6 -15 6 -14 6 -14 6 -14 6 -14 6 -13 6 0 0 -13 7 -13 7 -13 7 -13 7 -12 7 -12 7 -12 7 -12 7 -11 8 -11 8 -11 8 -11 8 -11 9 -11 9 -11 9 -10 9 -10 9 -10 10 -10 10 -9 10 -10 10 -10 10 -9 11 -9 11 -9 11 -9 11 0 0 0 0 0 0 0 0 0 0 ]
CSI_DATA,STA,94:B9:7E:D9:DB:AD,-51,11,1,7,1,1,1,1,0,0,0,-96,1,6,1,73093625,0,110,0,0,73.2771,384,[110 96 6 0 0 0 0 0 0 0 0 0 -16 9 -17 9 -17 8 -17 8 -17 7 -17 7 -17 6 -18 6 -17 5 -17 6 -17 5 -17 5 -17 5 -17 4 -17 4 -17 4 -17 3 -15 3 -16 3 -16 4 -16 3 -16 4 -15 4 -15 4 -15 4 -15 4 0 0 -14 4 -15 4 -15 5 -14 5 -14 5 -14 5 -14 5 -14 5 -13 6 -13 6 -13 6 -13 7 -13 7 -13 8 -12 7 -13 7 -12 7 -12 8 -12 8 -12 8 -12 8 -12 8 -11 9 -11 9 -11 9 -12 9 0 0 0 0 0 0 0 0 0 0 ]
CSI_DATA,STA,94:B9:7E:D9:DB:AD,-51,11,1,7,1,1,1,1,0,0,0,-96,1,6,1,74101630,0,110,0,0,74.2851,384,[110 96 6 0 0 0 0 0 0 0 0 0 -12 -15 -11 -15 -11 -16 -10 -16 -10 -17 -10 -16 -9 -16 -9 -16 -9 -16 -8 -17 -8 -17 -8 -17 -7 -16 -7 -16 -7 -16 -7 -17 -7 -16 -7 -16 -6 -15 -7 -15 -7 -15 -7 -15 -7 -15 -6 -14 -7 -14 -7 -14 0 0 -7 -14 -7 -14 -7 -13 -8 -13 -7 -12 -8 -13 -8 -13 -9 -12 -8 -12 -10 -12 -9 -12 -9 -11 -9 -12 -10 -11 -10 -12 -10 -11 -10 -11 -10 -11 -11 -11 -11 -10 -11 -10 -11 -10 -12 -10 -12 -10 -12 -10 -12 -9 0 0 0 0 0 0 0 0 0 0 ]
CSI_DATA,STA,94:B9:7E:D9:DB:AD,-51,11,1,7,1,1,1,1,0,0,0,-96,1,6,1,75094730,0,110,0,0,75.2782,384,[110 96 6 0 0 0 0 0 0 0 0 0 -19 -9 -18 -9 -19 -10 -18 -11 -18 -11 -17 -11 -17 -11 -17 -12 -16 -13 -16 -12 -16 -13 -16 -13 -15 -13 -14 -13 -14 -13 -14 -13 -14 -13 -14 -13 -13 -12 -14 -12 -14 -12 -13 -12 -14 -12 -13 -12 -13 -12 -13 -12 0 0 -13 -11 -13 -11 -13 -10 -13 -10 -13 -10 -13 -10 -14 -9 -14 -10 -14 -9 -14 -9 -14 -8 -14 -8 -14 -8 -14 -8 -14 -8 -15 -7 -15 -7 -15 -7 -15 -7 -15 -6 -15 -6 -16 -7 -16 -6 -16 -6 -16 -6 -16 -5 0 0 0 0 0 0 0 0 0 0 ]
CSI_DATA,STA,94:B9:7E:D9:DB:AD,-51,11,1,7,1,1,1,1,0,0,0,-96,1,6,1,76099745,0,110,0,0,76.2832,384,[110 96 6 0 0 0 0 0 0 0 0 0 -19 0 -18 -1 -19 -1 -19 -2 -19 -3 -18 -3 -18 -3 -18 -4 -18 -4 -18 -4 -18 -4 -18 -5 -18 -5 -17 -5 -17 -5 -16 -5 -16 -5 -16 -5 -16 -5 -16 -5 -16 -5 -15 -5 -16 -5 -15 -5 -15 -5 -15 -4 0 0 -15 -4 -15 -4 -14 -3 -15 -4 -14 -3 -15 -3 -14 -3 -15 -2 -14 -2 -15 -2 -15 -2 -15 -1 -15 -1 -14 -1 -15 -1 -15 0 -15 0 -14 0 -15 0 -15 0 -15 1 -15 1 -15 1 -15 1 -15 2 -15 2 0 0 0 0 0 0 0 0 0 0 ]
CSI_DATA,STA,94:B9:7E:D9:DB:AD,-51,11,1,7,1,1,1,1,0,0,0,-96,1,6,1,77101432,0,110,0,0,77.2849,384,[110 96 6 0 0 0 0 0 0 0 0 0 1 20 0 20 -1 20 -2 20 -2 20 -2 19 -3 19 -3 19 -4 19 -4 19 -5 19 -5 19 -6 18 -6 18 -5 17 -6 18 -5 17 -5 17 -6 17 -5 17 -5 17 -5 16 -5 16 -6 16 -5 16 -5 16 0 0 -4 15 -4 16 -4 15 -3 15 -3 15 -3 15 -2 15 -2 15 -2 15 -2 15 -2 15 -2 15 -1 15 -1 15 0 16 0 15 0 16 0 15 0 16 1 16 1 16 1 15 1 16 1 16 1 16 2 16 0 0 0 0 0 0 0 0 0 0 ]
CSI_DATA,STA,94:B9:7E:D9:DB:AD,-51,11,1,7,1,1,1,1,0,0,0,-96,1,6,1,78096933,0,110,0,0,78.2804,384,[110 96 6 0 0 0 0 0 0 0 0 0 7 -17 8 -17 9 -16 9 -16 10 -16 9 -16 10 -15 10 -15 10 -14 11 -15 11 -14 11 -14 11 -14 11 -13 11 -13 11 -13 11 -13 11 -12 10 -12 10 -12 11 -12 10 -12 10 -12 10 -12 10 -12 9 -12 0 0 9 -12 9 -12 9 -12 8 -12 8 -12 8 -12 8 -12 8 -12 7 -12 7 -13 7 -13 7 -13 6 -13 6 -13 6 -13 5 -13 6 -14 5 -13 5 -14 5 -14 4 -15 4 -14 4 -14 4 -15 4 -14 4 -15 0 0 0 0 0 0 0 0 0 0 ]
CSI_DATA,STA,94:B9:7E:D9:DB:AD,-51,11,1,7,1,1,1,1,0,0,0,-96,1,6,1,79099963,0,110,0,0,79.2834,384,[110 96 6 0 0 0 0 0 0 0 0 0 4 -18 4 -18 5 -18 6 -17 6 -18 6 -17 7 -17 7 -17 7 -17 7 -17 7 -16 8 -16 8 -16 8 -15 8 -15 8 -15 8 -15 8 -15 7 -14 8 -14 8 -14 7 -14 7 -14 7 -14 7 -14 6 -14 0 0 6 -14 6 -14 5 -14 5 -14 5 -14 5 -14 5 -14 5 -14 4 -14 4 -14 3 -14 3 -14 3 -14 3 -14 2 -15 2 -14 2 -15 2 -15 2 -15 1 -15 1 -15 1 -15 1 -15 0 -15 0 -15 0 -15 0 0 0 0 0 0 0 0 0 0 ]
CSI_DATA,STA,94:B9:7E:D9:DB:AD,-51,11,1,7,1,1,1,1,0,0,0,-96,1,6,1,80102066,0,110,0,0,80.2855,384,[110 96 6 0 0 0 0 0 0 0 0 0 17 10 16 11 16 11 15 12 15 12 15 12 14 13 14 13 14 14 13 13 13 14 13 14 12 14 12 14 12 14 11 14 11 14 11 13 11 13 11 13 11 13 11 13 11 13 10 12 11 12 10 12 0 0 11 11 11 12 11 11 11 11 11 11 11 10 11 10 11 10 12 10 12 9 12 9 12 9 12 9 13 9 12 9 13 8 13 8 13 8 14 8 14 7 14 8 13 7 14 7 14 7 14 7 14 6 0 0 0 0 0 0 0 0 0 0 ]
CSI_DATA,STA,94:B9:7E:D9:DB:AD,-51,11,1,7,1,1,1,1,0,0,0,-96,1,6,1,81101259,0,110,0,0,81.2847,384,[110 96 6 0 0 0 0 0 0 0 0 0 -7 -18 -6 -18 -6 -18 -5 -18 -5 -18 -4 -18 -4 -18 -3 -18 -3 -19 -3 -18 -2 -18 -2 -18 -2 -18 -2 -18 -2 -17 -1 -17 -2 -17 -2 -17 -1 -16 -1 -16 -1 -16 -2 -16 -2 -16 -2 -16 -2 -16 -2 -15 0 0 -3 -15 -3 -15 -3 -15 -3 -15 -3 -14 -4 -15 -4 -15 -4 -14 -4 -15 -5 -14 -5 -14 -5 -14 -5 -14 -6 -14 -6 -14 -6 -14 -6 -14 -7 -13 -7 -13 -7 -13 -8 -13 -8 -13 -8 -13 -8 -13 -8 -13 -8 -13 0 0 0 0 0 0 0 0 0 0 ]
CSI_DATA,STA,94:B9:7E:D9:DB:AD,-51,11,1,7,1,1,1,1,0,0,0,-96,1,6,1,82102638,0,110,0,0,82.2861,384,[110 96 6 0 0 0 0 0 0 0 0 0 1 18 0 18 -1 18 -1 18 -2 18 -2 18 -3 17 -3 17 -3 17 -4 17 -4 17 -4 17 -4 17 -4 17 -4 16 -5 16 -4 16 -4 15 -4 15 -4 15 -4 15 -4 15 -4 15 -4 14 -4 15 -3 14 0 0 -3 14 -3 14 -2 14 -2 14 -2 14 -2 14 -2 14 -1 13 -1 14 -1 14 0 14 0 14 0 14 0 14 1 14 1 14 1 14 2 14 2 14 2 14 2 14 2 14 3 14 3 14 3 14 4 14 0 0 0 0 0 0 0 0 0 0 ]
CSI_DATA,STA,94:B9:7E:D9:DB:AD,-51,11,1,7,1,1,1,1,0,0,0,-96,1,6,1,83104618,0,110,0,0,83.288,384,[110 96 6 0 0 0 0 0 0 0 0 0 5 17 5 17 3 17 3 17 3 18 2 17 2 17 1 17 1 18 1 17 0 17 0 17 0 17 -1 17 -1 17 -1 17 0 16 0 16 -1 15 -1 16 -1 15 0 15 0 15 -1 15 -1 15 0 15 0 0 0 14 0 15 1 14 1 14 1 14 1 14 2 14 2 14 2 14 2 14 2 13 2 13 3 13 3 13 4 13 4 13 4 13 5 13 5 13 5 13 5 13 5 13 5 13 6 13 6 13 6 13 0 0 0 0 0 0 0 0 0 0 ]
CSI_DATA,STA,94:B9:7E:D9:DB:AD,-51,11,1,7,1,1,1,1,0,0,0,-96,1,6,1,84104692,0,110,0,0,84.2881,384,[110 96 6 0 0 0 0 0 0 0 0 0 -3 17 -4 17 -5 17 -5 17 -6 17 -6 17 -6 17 -7 16 -7 16 -7 16 -7 16 -8 16 -8 15 -8 15 -8 15 -8 15 -8 14 -8 14 -8 14 -7 14 -8 14 -7 13 -7 13 -7 13 -7 13 -7 13 0 0 -6 13 -6 13 -6 13 -5 13 -5 13 -5 13 -5 13 -5 13 -4 13 -4 13 -4 13 -4 13 -3 13 -3 14 -3 14 -3 14 -2 14 -2 14 -2 14 -1 14 -1 14 -2 14 -1 14 -1 14 -1 14 0 14 0 0 0 0 0 0 0 0 0 0 ]
CSI_DATA,STA,94:B9:7E:D9:DB:AD,-51,11,1,7,1,1,1,1,0,0,0,-96,1,6,1,85120695,0,110,0,0,85.3041,384,[110 96 6 0 0 0 0 0 0 0 0 0 -18 4 -19 3 -18 2 -19 1 -18 1 -19 1 -18 0 -18 0 -19 -1 -18 0 -18 -1 -18 -1 -18 -1 -18 -1 -17 -1 -18 -2 -17 -1 -16 -1 -17 -1 -16 -2 -16 -2 -16 -2 -16 -1 -15 -1 -16 -1 -16 -1 0 0 -15 -1 -15 0 -15 0 -15 0 -15 0 -15 1 -15 1 -15 1 -15 1 -14 2 -14 2 -14 3 -14 3 -14 3 -14 3 -14 3 -14 4 -14 4 -14 4 -14 4 -14 4 -14 5 -14 5 -13 6 -14 6 -14 6 0 0 0 0 0 0 0 0 0 0 ]
CSI_DATA,STA,94:B9:7E:D9:DB:AD,-53,11,1,7,1,1,1,1,0,0,0,-94,1,6,1,86113203,0,110,0,0,86.2967,384,[110 96 6 0 0 0 0 0 0 0 0 0 18 2 17 2 18 3 17 3 17 4 17 4 17 5 17 5 16 5 16 6 16 6 15 7 15 6 15 7 15 6 15 6 14 6 15 6 14 7 14 6 14 6 14 6 14 6 13 6 13 6 13 6 0 0 13 5 13 5 13 4 13 4 13 4 13 3 13 4 13 3 13 3 13 3 14 3 13 2 13 2 14 2 13 1 13 1 14 1 14 1 14 0 14 0 14 0 14 0 14 0 14 0 14 -1 14 -1 0 0 0 0 0 0 0 0 0 0 ]
CSI_DATA,STA,94:B9:7E:D9:DB:AD,-53,11,1,7,1,1,1,1,0,0,0,-94,1,6,1,87107057,0,110,0,0,87.2905,384,[110 96 6 0 0 0 0 0 0 0 0 0 15 -9 15 -9 16 -8 17 -8 17 -7 16 -7 16 -6 17 -6 17 -6 17 -5 17 -5 17 -4 16 -4 17 -4 16 -3 16 -3 16 -3 15 -3 15 -3 16 -3 15 -3 15 -3 15 -3 14 -3 15 -3 14 -3 0 0 14 -3 14 -3 14 -3 13 -4 13 -4 13 -4 13 -4 13 -5 13 -4 13 -5 13 -5 13 -6 13 -6 13 -6 13 -6 12 -6 13 -7 12 -7 12 -6 12 -7 12 -7 12 -7 13 -7 12 -8 12 -8 12 -8 0 0 0 0 0 0 0 0 0 0 ]
CSI_DATA,STA,94:B9:7E:D9:DB:AD,-52,11,1,6,1,1,1,1,0,0,0,-94,1,6,1,88114427,0,110,0,0,88.2979,384,[110 96 6 0 0 0 0 0 0 0 0 0 14 -12 14 -12 15 -11 15 -10 16 -10 15 -9 15 -9 15 -9 16 -8 16 -8 16 -7 16 -7 16 -7 16 -7 15 -7 15 -6 15 -6 15 -6 15 -6 14 -6 14 -6 14 -6 14 -6 14 -6 14 -6 13 -6 0 0 13 -6 13 -7 13 -6 12 -7 12 -7 12 -7 12 -7 12 -8 12 -8 11 -8 11 -8 12 -8 11 -8 11 -9 11 -9 11 -9 11 -9 10 -9 10 -10 10 -10 10 -11 10 -11 10 -11 10 -10 10 -11 10 -11 0 0 0 0 0 0 0 0 0 0 ]
CSI_DATA,STA,94:B9:7E:D9:DB:AD,-53,11,1,7,1,1,1,1,0,0,0,-94,1,6,1,89108650,0,110,0,0,89.2921,384,[110 96 6 0 0 0 0 0 0 0 0 0 -20 -3 -20 -4 -20 -5 -20 -6 -20 -6 -20 -7 -19 -7 -19 -7 -19 -8 -18 -8 -18 -8 -18 -9 -17 -9 -17 -9 -17 -9 -17 -9 -17 -9 -17 -8 -17 -9 -16 -8 -16 -8 -16 -8 -15 -9 -15 -8 -16 -8 -15 -8 0 0 -15 -7 -15 -7 -15 -7 -15 -7 -15 -7 -15 -6 -15 -6 -15 -6 -15 -5 -16 -5 -16 -5 -16 -5 -16 -4 -16 -4 -16 -4 -16 -4 -16 -3 -16 -4 -16 -3 -17 -2 -16 -3 -17 -2 -17 -2 -16 -2 -16 -2 -17 -1 0 0 0 0 0 0 0 0 0 0 ]
CSI_DATA,STA,94:B9:7E:D9:DB:AD,-52,11,1,6,1,1,1,1,0,0,0,-94,1,6,1,90110933,0,110,0,0,90.2944,384,[110 96 6 0 0 0 0 0 0 0 0 0 -18 -12 -17 -13 -17 -13 -17 -14 -16 -14 -15 -14 -15 -15 -15 -15 -14 -15 -14 -15 -14 -15 -13 -15 -13 -15 -13 -15 -13 -15 -13 -15 -12 -15 -12 -14 -11 -14 -11 -15 -11 -15 -11 -14 -11 -14 -12 -13 -11 -14 -12 -13 0 0 -11 -13 -12 -12 -11 -12 -12 -12 -12 -12 -12 -12 -12 -12 -12 -11 -13 -11 -13 -11 -13 -10 -13 -10 -14 -10 -13 -10 -14 -10 -14 -9 -14 -9 -14 -9 -14 -9 -15 -8 -14 -9 -15 -9 -15 -8 -15 -8 -15 -8 -15 -8 0 0 0 0 0 0 0 0 0 0 ]
CSI_DATA,STA,94:B9:7E:D9:DB:AD,-52,11,1,6,1,1,1,1,0,0,0,-94,1,6,1,91114229,0,110,0,0,91.2977,384,[110 96 6 0 0 0 0 0 0 0 0 0 15 14 14 14 13 14 13 15 13 15 12 15 12 15 12 15 11 16 11 16 10 16 10 16 10 16 10 16 9 16 9 16 9 15 9 15 9 15 9 15 9 14 9 14 9 14 9 14 8 14 9 13 0 0 9 13 9 13 9 12 10 12 9 12 10 12 10 12 10 11 11 11 11 10 11 10 11 10 11 10 12 10 12 10 12 10 12 9 12 9 13 9 13 9 13 8 13 9 14 8 13 8 14 8 14 8 0 0 0 0 0 0 0 0 0 0 ]
CSI_DATA,STA,94:B9:7E:D9:DB:AD,-51,11,1,6,1,1,1,1,0,0,0,-94,1,6,1,92120199,0,110,0,0,92.3036,384,[110 96 6 0 0 0 0 0 0 0 0 0 -7 17 -7 16 -8 16 -9 16 -9 16 -9 15 -9 15 -9 15 -10 15 -10 15 -10 14 -11 14 -11 14 -11 13 -10 13 -11 13 -10 13 -10 13 -10 12 -10 13 -10 12 -9 12 -10 13 -9 12 -9 12 -8 12 0 0 -8 12 -8 12 -8 12 -7 13 -7 12 -7 13 -7 12 -6 13 -6 13 -6 13 -6 13 -5 13 -5 13 -5 13 -4 14 -4 13 -4 14 -4 13 -3 14 -3 14 -3 14 -3 14 -3 14 -2 14 -2 14 -2 14 0 0 0 0 0 0 0 0 0 0 ]
CSI_DATA,STA,94:B9:7E:D9:DB:AD,-53,11,1,7,1,1,1,1,0,0,0,-94,1,6,1,93114352,0,110,0,0,93.2978,384,[110 96 6 0 0 0 0 0 0 0 0 0 17 10 16 11 16 11 15 12 16 12 15 12 15 13 14 13 14 13 13 14 13 14 12 14 12 14 12 14 12 14 12 14 11 13 12 13 11 13 11 13 11 13 11 12 11 13 11 12 10 12 11 12 0 0 11 11 11 11 11 11 11 10 11 10 11 10 12 10 12 9 12 9 13 9 12 9 12 9 12 8 13 8 13 8 13 7 14 7 13 7 14 7 14 7 14 7 14 6 14 6 14 6 14 6 14 6 0 0 0 0 0 0 0 0 0 0 ]
CSI_DATA,STA,94:B9:7E:D9:DB:AD,-53,11,1,7,1,1,1,1,0,0,0,-94,1,6,1,94117870,0,110,0,0,94.3013,384,[110 96 6 0 0 0 0 0 0 0 0 0 19 1 19 2 19 2 19 3 19 3 18 4 18 5 18 5 18 5 18 6 18 5 18 6 17 6 17 6 17 6 16 6 16 6 17 6 16 6 16 6 15 6 16 6 16 5 15 6 15 5 15 5 0 0 15 4 15 4 15 4 15 3 14 3 15 3 14 3 15 2 15 2 15 2 15 2 15 1 15 1 15 1 15 0 15 0 16 0 15 0 15 0 15 -1 16 -1 15 -1 15 -1 15 -2 15 -2 15 -2 0 0 0 0 0 0 0 0 0 0 ]
CSI_DATA,STA,94:B9:7E:D9:DB:AD,-53,11,1,7,1,1,1,1,0,0,0,-94,1,6,1,95116508,0,110,0,0,95.2999,384,[110 96 6 0 0 0 0 0 0 0 0 0 -20 -6 -20 -7 -20 -7 -19 -8 -19 -8 -18 -9 -18 -9 -18 -10 -18 -10 -18 -10 -17 -11 -16 -11 -17 -11 -16 -11 -16 -11 -16 -11 -15 -11 -16 -10 -15 -11 -15 -10 -15 -10 -15 -10 -15 -10 -14 -10 -14 -10 -14 -10 0 0 -15 -9 -15 -8 -14 -8 -15 -8 -14 -8 -15 -7 -15 -7 -15 -7 -15 -7 -15 -7 -15 -6 -15 -6 -15 -6 -15 -6 -15 -5 -16 -5 -16 -5 -16 -4 -16 -4 -16 -4 -16 -4 -16 -4 -16 -4 -16 -3 -17 -4 -17 -3 0 0 0 0 0 0 0 0 0 0 ]
CSI_DATA,STA,94:B9:7E:D9:DB:AD,-53,11,1,7,1,1,1,1,0,0,0,-94,1,6,1,96118747,0,110,0,0,96.3022,384,[110 96 6 0 0 0 0 0 0 0 0 0 18 -2 18 -1 18 -1 18 0 18 0 17 1 18 1 17 2 18 2 17 2 17 3 17 3 16 3 16 3 16 3 16 3 15 3 15 3 15 3 15 3 15 3 15 3 15 3 14 3 14 3 14 2 0 0 14 2 14 2 14 1 14 1 14 1 13 1 14 0 13 0 13 0 14 -1 14 -1 14 -1 14 -1 14 -1 14 -2 13 -2 14 -2 13 -2 14 -3 14 -3 14 -3 14 -3 14 -4 14 -4 14 -4 14 -4 0 0 0 0 0 0 0 0 0 0 ]
CSI_DATA,STA,94:B9:7E:D9:DB:AD,-53,11,1,7,1,1,1,1,0,0,0,-94,1,6,1,97118542,0,110,0,0,97.302,384,[110 96 6 0 0 0 0 0 0 0 0 0 15 -10 16 -9 16 -9 16 -8 16 -8 16 -8 16 -7 16 -6 17 -6 16 -6 17 -5 17 -5 16 -5 16 -5 16 -4 16 -4 16 -4 15 -4 15 -4 15 -4 15 -3 15 -3 14 -4 14 -4 14 -4 14 -4 0 0 14 -4 14 -4 14 -4 13 -5 13 -5 13 -5 13 -5 13 -6 13 -5 12 -6 12 -6 12 -7 12 -6 13 -7 12 -7 12 -7 12 -7 12 -8 12 -7 12 -8 12 -8 12 -8 11 -9 12 -9 11 -9 12 -9 0 0 0 0 0 0 0 0 0 0 ]
CSI_DATA,STA,94:B9:7E:D9:DB:AD,-53,11,1,7,1,1,1,1,0,0,0,-94,1,6,1,98125347,0,110,0,0,98.3088,384,[110 96 6 0 0 0 0 0 0 0 0 0 18 8 18 9 16 9 17 11 16 11 16 11 15 11 15 12 15 12 14 12 14 12 14 13 13 12 13 13 13 13 12 12 12 13 12 12 12 12 12 12 12 12 12 12 11 11 11 11 11 11 11 11 0 0 12 11 11 11 12 11 11 10 12 10 12 9 12 9 12 9 12 9 12 8 12 9 12 8 13 8 13 8 13 8 13 8 13 7 14 7 14 7 14 7 14 7 14 7 14 6 14 6 14 6 15 6 0 0 0 0 0 0 0 0 0 0 ]
CSI_DATA,STA,94:B9:7E:D9:DB:AD,-53,11,1,7,1,1,1,1,0,0,0,-94,1,6,1,99118850,0,110,0,0,99.3023,384,[110 96 6 0 0 0 0 0 0 0 0 0 8 -19 8 -18 9 -18 10 -18 10 -18 10 -17 11 -17 11 -17 11 -17 12 -16 12 -15 12 -16 12 -15 12 -15 12 -14 12 -15 11 -14 12 -14 11 -13 11 -14 11 -13 11 -14 11 -14 11 -13 10 -13 10 -13 0 0 9 -13 9 -13 9 -13 9 -14 8 -13 8 -13 8 -14 8 -14 7 -14 7 -14 7 -14 6 -14 6 -14 6 -15 6 -15 5 -15 6 -16 5 -15 5 -15 4 -16 4 -16 4 -16 4 -16 4 -16 3 -16 3 -16 0 0 0 0 0 0 0 0 0 0 ]
CSI_DATA,STA,94:B9:7E:D9:DB:AD,-53,11,1,7,1,1,1,1,0,0,0,-94,1,6,1,100124269,0,110,0,0,100.308,384,[110 96 6 0 0 0 0 0 0 0 0 0 14 -11 15 -11 15 -10 16 -10 16 -9 15 -9 16 -8 16 -8 16 -8 16 -7 16 -7 16 -7 16 -7 16 -6 16 -6 16 -6 15 -6 15 -6 15 -6 15 -5 15 -5 15 -5 14 -6 14 -5 14 -6 14 -6 0 0 13 -6 13 -6 13 -6 12 -6 12 -7 12 -7 12 -7 12 -7 12 -7 11 -8 11 -8 11 -8 11 -8 11 -9 11 -8 11 -9 11 -9 11 -9 11 -9 10 -10 10 -10 11 -10 10 -10 10 -11 10 -11 9 -11 0 0 0 0 0 0 0 0 0 0 ]
CSI_DATA,STA,94:B9:7E:D9:DB:AD,-53,11,1,7,1,1,1,1,0,0,0,-94,1,6,1,101125378,0,110,0,0,101.309,384,[110 96 6 0 0 0 0 0 0 0 0 0 -11 16 -12 16 -13 16 -13 15 -14 15 -13 14 -14 15 -14 14 -14 14 -15 13 -15 13 -15 12 -15 12 -15 12 -15 12 -15 11 -14 11 -14 11 -15 11 -14 11 -14 11 -14 11 -14 10 -14 10 -13 10 -13 10 0 0 -12 11 -13 11 -12 11 -11 11 -11 11 -11 11 -11 11 -11 11 -10 12 -11 12 -11 12 -10 12 -10 12 -10 12 -9 13 -9 13 -9 13 -9 13 -8 13 -8 13 -8 14 -9 13 -8 14 -8 14 -8 14 -7 14 0 0 0 0 0 0 0 0 0 0 ]
CSI_DATA,STA,94:B9:7E:D9:DB:AD,-53,11,1,7,1,1,1,1,0,0,0,-94,1,6,1,102123512,0,110,0,0,102.307,384,[110 96 6 0 0 0 0 0 0 0 0 0 -12 -14 -12 -15 -11 -15 -11 -16 -10 -16 -10 -16 -9 -16 -9 -16 -9 -17 -8 -16 -9 -16 -8 -16 -8 -16 -8 -16 -7 -16 -7 -16 -7 -16 -7 -15 -7 -15 -6 -15 -6 -15 -6 -15 -7 -15 -6 -14 -7 -14 -7 -14 0 0 -7 -14 -7 -14 -7 -13 -7 -14 -7 -13 -7 -13 -7 -13 -8 -13 -8 -13 -9 -12 -9 -12 -9 -12 -9 -12 -9 -12 -9 -12 -10 -12 -10 -11 -10 -11 -10 -11 -11 -11 -11 -11 -11 -11 -11 -10 -11 -10 -11 -11 -11 -10 0 0 0 0 0 0 0 0 0 0 ]
CSI_DATA,STA,94:B9:7E:D9:DB:AD,-53,11,1,7,1,1,1,1,0,0,0,-94,1,6,1,103128270,0,110,0,0,103.312,384,[110 96 6 0 0 0 0 0 0 0 0 0 -16 8 -16 8 -17 7 -17 6 -17 6 -17 5 -17 6 -17 5 -17 5 -18 4 -18 3 -18 3 -17 3 -17 3 -17 3 -17 3 -16 3 -16 3 -16 3 -16 2 -16 3 -16 2 -15 2 -15 2 -15 2 -15 2 0 0 -14 3 -15 3 -14 3 -14 4 -14 3 -14 4 -14 4 -14 4 -13 4 -14 5 -14 5 -14 5 -13 5 -13 5 -13 6 -13 6 -13 7 -13 6 -12 7 -12 7 -13 7 -13 7 -13 7 -12 8 -13 8 -12 8 0 0 0 0 0 0 0 0 0 0 ]
CSI_DATA,STA,94:B9:7E:D9:DB:AD,-53,11,1,7,1,1,1,1,0,0,0,-94,1,6,1,104127337,0,110,0,0,104.311,384,[110 96 6 0 0 0 0 0 0 0 0 0 8 18 7 18 6 19 5 19 5 19 5 19 4 19 3 19 3 19 3 19 3 18 3 19 2 19 2 19 1 18 1 18 1 18 1 17 1 17 1 17 1 17 1 16 2 16 1 16 2 16 2 16 0 0 2 16 2 16 2 16 3 15 3 15 3 15 3 15 4 14 4 15 4 15 5 15 5 14 5 14 5 14 6 14 6 14 6 14 6 14 6 14 7 14 7 14 6 14 7 14 8 13 8 13 8 13 0 0 0 0 0 0 0 0 0 0 ]
CSI_DATA,STA,94:B9:7E:D9:DB:AD,-53,11,1,7,1,1,1,1,0,0,0,-94,1,6,1,105130248,0,110,0,0,105.314,384,[110 96 6 0 0 0 0 0 0 0 0 0 -17 -12 -17 -12 -17 -13 -16 -13 -16 -13 -16 -14 -15 -14 -15 -14 -15 -14 -14 -15 -14 -14 -13 -15 -13 -15 -13 -15 -13 -15 -13 -15 -12 -14 -13 -14 -12 -14 -12 -13 -12 -14 -12 -14 -12 -14 -12 -13 -12 -13 -12 -12 0 0 -12 -12 -12 -12 -12 -11 -13 -11 -12 -11 -13 -11 -13 -10 -13 -10 -13 -10 -14 -10 -13 -9 -14 -9 -14 -9 -14 -8 -14 -9 -14 -8 -15 -8 -14 -8 -15 -7 -15 -7 -15 -7 -15 -7 -16 -6 -15 -6 -16 -6 -16 -6 0 0 0 0 0 0 0 0 0 0 ]
CSI_DATA,STA,94:B9:7E:D9:DB:AD,-53,11,1,7,1,1,1,1,0,0,0,-94,1,6,1,106126402,0,110,0,0,106.31,384,[110 96 6 0 0 0 0 0 0 0 0 0 10 17 9 17 8 18 8 18 7 18 7 18 7 18 6 18 6 18 5 18 4 18 4 18 3 18 3 18 3 17 3 18 3 17 3 17 3 17 3 17 3 17 3 16 3 16 3 16 3 16 3 16 0 0 4 15 4 15 4 15 4 15 4 14 5 14 5 14 5 14 6 14 5 14 6 14 5 14 6 14 6 13 7 14 7 13 7 13 8 13 8 13 8 13 8 13 8 13 8 13 8 13 9 13 9 13 0 0 0 0 0 0 0 0 0 0 ]
CSI_DATA,STA,94:B9:7E:D9:DB:AD,-53,11,1,7,1,1,1,1,0,0,0,-94,1,6,1,107133670,0,110,0,0,107.317,384,[110 96 6 0 0 0 0 0 0 0 0 0 -20 -5 -20 -6 -20 -7 -19 -8 -19 -8 -19 -8 -19 -8 -18 -9 -18 -10 -18 -10 -17 -10 -17 -10 -17 -10 -17 -11 -16 -11 -16 -11 -16 -11 -16 -10 -15 -10 -15 -10 -15 -10 -15 -10 -15 -10 -14 -9 -15 -10 -14 -9 0 0 -15 -9 -14 -9 -14 -9 -14 -8 -14 -8 -14 -8 -15 -7 -15 -7 -15 -7 -15 -6 -15 -6 -15 -6 -15 -6 -15 -6 -15 -6 -16 -6 -15 -5 -15 -5 -16 -4 -16 -4 -16 -4 -16 -4 -16 -4 -16 -4 -16 -4 -16 -3 0 0 0 0 0 0 0 0 0 0 ]
CSI_DATA,STA,94:B9:7E:D9:DB:AD,-53,11,1,7,1,1,1,1,0,0,0,-94,1,6,1,108129713,0,110,0,0,108.313,384,[110 96 6 0 0 0 0 0 0 0 0 0 12 13 12 14 11 14 10 14 10 14 10 15 9 15 9 15 8 15 8 15 8 15 8 15 7 15 7 15 7 15 7 15 7 15 7 14 6 14 6 14 6 14 6 14 6 13 6 13 6 13 6 13 0 0 7 12 7 12 7 12 7 12 7 11 7 12 7 11 8 11 8 11 8 11 9 10 8 10 9 10 9 10 9 10 10 10 10 9 10 9 10 10 10 9 10 9 10 9 11 9 11 8 11 8 12 8 0 0 0 0 0 0 0 0 0 0 ]
CSI_DATA,STA,94:B9:7E:D9:DB:AD,-53,11,1,7,1,1,1,1,0,0,0,-94,1,6,1,109128849,0,110,0,0,109.312,384,[110 96 6 0 0 0 0 0 0 0 0 0 18 -8 18 -7 19 -7 19 -6 19 -6 19 -5 19 -5 19 -4 19 -4 19 -3 19 -2 19 -2 19 -2 19 -2 18 -2 18 -2 17 -2 18 -2 17 -2 17 -2 17 -2 17 -2 17 -2 16 -1 16 -2 16 -2 0 0 16 -3 16 -3 16 -3 15 -3 15 -4 15 -4 15 -4 15 -5 15 -4 14 -5 15 -5 14 -5 14 -5 15 -5 14 -6 14 -6 15 -7 14 -7 14 -7 14 -8 14 -8 14 -8 14 -8 14 -8 14 -8 14 -9 0 0 0 0 0 0 0 0 0 0 ]
CSI_DATA,STA,94:B9:7E:D9:DB:AD,-53,11,1,7,1,1,1,1,0,0,0,-94,1,6,1,110137892,0,110,0,0,110.321,384,[110 96 6 0 0 0 0 0 0 0 0 0 -18 11 -18 10 -18 10 -18 9 -19 9 -18 8 -18 7 -19 6 -19 7 -19 6 -19 5 -19 5 -19 4 -19 4 -19 4 -19 4 -18 4 -18 4 -17 4 -17 4 -18 4 -17 4 -17 4 -17 4 -17 4 -16 4 0 0 -16 4 -16 5 -15 4 -16 5 -15 5 -15 5 -15 5 -15 5 -15 6 -15 6 -15 6 -15 6 -15 7 -14 7 -15 8 -14 8 -14 8 -13 8 -13 9 -14 8 -14 9 -14 9 -14 9 -13 9 -13 10 -13 9 0 0 0 0 0 0 0 0 0 0 ]
CSI_DATA,STA,94:B9:7E:D9:DB:AD,-53,11,1,7,1,1,1,1,0,0,0,-94,1,6,1,111135252,0,110,0,0,111.319,384,[110 96 6 0 0 0 0 0 0 0 0 0 18 -10 18 -9 18 -9 18 -8 18 -8 18 -7 18 -6 18 -6 18 -6 19 -5 18 -5 19 -5 18 -4 18 -4 18 -4 18 -4 17 -3 17 -3 17 -3 17 -3 17 -3 17 -3 17 -3 16 -3 16 -3 16 -3 0 0 15 -4 15 -4 15 -4 15 -5 14 -5 15 -5 15 -5 15 -6 14 -6 14 -6 14 -6 14 -6 14 -6 14 -7 14 -7 13 -8 14 -8 13 -8 14 -8 13 -9 13 -9 14 -9 13 -9 13 -9 13 -9 13 -9 0 0 0 0 0 0 0 0 0 0 ]
CSI_DATA,STA,94:B9:7E:D9:DB:AD,-53,11,1,7,1,1,1,1,0,0,0,-94,1,6,1,112137233,0,110,0,0,112.321,384,[110 96 6 0 0 0 0 0 0 0 0 0 2 -18 3 -18 4 -19 4 -18 5 -18 5 -17 5 -17 6 -17 6 -17 7 -17 7 -16 7 -16 7 -16 7 -16 7 -15 7 -15 7 -15 7 -15 7 -14 7 -15 7 -14 6 -15 6 -15 6 -14 6 -14 6 -14 0 0 5 -14 5 -14 5 -14 5 -14 4 -13 4 -14 4 -14 4 -14 3 -14 3 -14 3 -14 3 -14 3 -14 2 -14 2 -14 2 -14 2 -15 1 -14 1 -14 0 -15 0 -15 0 -15 0 -15 0 -15 0 -15 0 -15 0 0 0 0 0 0 0 0 0 0 ]
CSI_DATA,STA,94:B9:7E:D9:DB:AD,-53,11,1,7,1,1,1,1,0,0,0,-94,1,6,1,113134798,0,110,0,0,113.318,384,[110 96 6 0 0 0 0 0 0 0 0 0 17 4 17 4 17 5 16 6 17 6 16 6 16 7 16 7 16 7 15 8 15 8 15 9 14 9 14 8 14 8 14 9 13 8 14 8 13 8 13 8 13 8 13 8 13 8 12 7 12 8 12 7 0 0 12 7 12 7 12 6 13 6 12 6 12 6 12 6 12 5 13 5 13 5 13 5 13 4 13 4 13 4 13 3 13 3 14 3 13 3 13 3 14 2 14 3 14 2 14 2 14 2 14 2 14 1 0 0 0 0 0 0 0 0 0 0 ]
CSI_DATA,STA,94:B9:7E:D9:DB:AD,-52,11,1,6,1,1,1,1,0,0,0,-94,1,6,1,114142952,0,110,0,0,114.326,384,[110 96 6 0 0 0 0 0 0 0 0 0 -5 17 -5 17 -6 17 -7 17 -7 17 -7 16 -7 16 -8 16 -8 16 -9 15 -9 14 -9 15 -9 14 -9 14 -9 14 -9 14 -9 13 -9 14 -9 13 -8 13 -8 13 -9 13 -8 13 -8 12 -8 13 -8 12 0 0 -7 13 -7 13 -7 12 -6 13 -6 12 -6 12 -6 12 -5 13 -5 13 -5 13 -5 13 -5 13 -4 13 -4 13 -4 13 -4 13 -3 14 -3 13 -3 13 -3 13 -3 13 -3 14 -2 14 -2 14 -2 14 -1 14 0 0 0 0 0 0 0 0 0 0 ]
CSI_DATA,STA,94:B9:7E:D9:DB:AD,-53,11,1,7,1,1,1,1,0,0,0,-94,1,6,1,115139649,0,110,0,0,115.323,384,[110 96 6 0 0 0 0 0 0 0 0 0 3 20 2 20 1 20 0 20 0 20 0 20 -1 19 -1 19 -2 19 -2 19 -2 19 -2 19 -3 19 -3 18 -3 18 -3 18 -3 18 -3 17 -3 17 -3 17 -3 17 -3 16 -2 16 -3 16 -2 16 -2 16 0 0 -2 16 -2 15 -2 15 -1 15 -1 15 -1 15 0 15 0 15 1 15 0 15 1 15 1 15 2 15 2 15 2 15 3 15 3 15 3 15 3 15 4 15 4 15 4 15 4 15 5 15 5 15 5 15 0 0 0 0 0 0 0 0 0 0 ]
CSI_DATA,STA,94:B9:7E:D9:DB:AD,-52,11,1,6,1,1,1,1,0,0,0,-94,1,6,1,116143204,0,110,0,0,116.327,384,[110 96 6 0 0 0 0 0 0 0 0 0 -16 -11 -16 -11 -15 -12 -15 -12 -14 -13 -14 -13 -14 -13 -13 -13 -13 -14 -12 -14 -12 -14 -12 -14 -11 -14 -11 -14 -11 -14 -11 -14 -11 -14 -11 -13 -10 -13 -10 -13 -10 -13 -10 -13 -10 -13 -10 -12 -10 -13 -10 -13 0 0 -10 -12 -10 -12 -10 -11 -11 -11 -11 -11 -10 -11 -10 -11 -11 -10 -11 -10 -12 -10 -11 -10 -11 -10 -11 -10 -11 -9 -12 -9 -12 -9 -12 -9 -12 -9 -12 -8 -13 -8 -13 -8 -13 -8 -13 -8 -13 -8 -13 -8 -14 -7 0 0 0 0 0 0 0 0 0 0 ]
CSI_DATA,STA,94:B9:7E:D9:DB:AD,-52,11,1,6,1,1,1,1,0,0,0,-94,1,6,1,117140548,0,110,0,0,117.324,384,[110 96 6 0 0 0 0 0 0 0 0 0 -9 18 -10 18 -11 17 -11 17 -12 16 -12 16 -12 16 -13 15 -13 15 -13 14 -13 14 -14 14 -14 14 -14 13 -14 13 -13 13 -13 13 -12 13 -13 13 -13 12 -13 12 -13 12 -12 12 -12 12 -12 12 -12 12 0 0 -11 12 -11 12 -11 12 -10 12 -10 12 -10 12 -10 12 -9 13 -9 12 -9 13 -9 13 -9 13 -8 14 -8 14 -7 14 -7 14 -7 14 -7 14 -7 14 -6 14 -6 14 -7 14 -6 15 -6 15 -6 15 -5 15 0 0 0 0 0 0 0 0 0 0 ]
CSI_DATA,STA,94:B9:7E:D9:DB:AD,-53,11,1,7,1,1,1,1,0,0,0,-94,1,6,1,118138011,0,110,0,0,118.321,384,[110 96 6 0 0 0 0 0 0 0 0 0 -18 5 -18 4 -19 4 -18 3 -19 3 -18 2 -18 3 -18 2 -18 2 -18 1 -18 0 -18 -1 -18 -1 -18 -1 -17 -1 -18 -1 -16 -1 -17 -1 -16 -1 -16 0 -16 0 -16 0 -16 0 -16 -1 -16 -1 -15 -1 0 0 -15 0 -15 1 -15 1 -15 1 -14 1 -15 2 -15 2 -15 2 -14 3 -15 2 -15 2 -14 2 -14 2 -14 3 -14 4 -14 4 -15 4 -14 4 -13 5 -14 5 -13 5 -14 6 -14 5 -14 5 -14 5 -14 5 0 0 0 0 0 0 0 0 0 0 ]
CSI_DATA,STA,94:B9:7E:D9:DB:AD,-53,11,1,7,1,1,1,1,0,0,0,-94,1,6,1,119139218,0,110,0,0,119.323,384,[110 96 6 0 0 0 0 0 0 0 0 0 -14 -13 -13 -13 -13 -14 -12 -14 -12 -15 -12 -15 -11 -15 -11 -15 -10 -15 -10 -16 -10 -15 -9 -16 -9 -16 -9 -15 -9 -15 -9 -15 -8 -15 -8 -15 -8 -14 -8 -14 -8 -14 -8 -14 -8 -14 -8 -14 -8 -14 -8 -14 0 0 -8 -13 -8 -13 -8 -13 -9 -13 -9 -12 -9 -12 -9 -12 -9 -12 -9 -11 -10 -11 -10 -11 -10 -11 -10 -10 -10 -10 -11 -11 -11 -10 -11 -10 -11 -10 -11 -10 -12 -10 -12 -10 -12 -9 -12 -9 -12 -9 -12 -9 -13 -9 0 0 0 0 0 0 0 0 0 0 ]
CSI_DATA,STA,94:B9:7E:D9:DB:AD,-53,11,1,7,1,1,1,1,0,0,0,-94,1,6,1,120143419,0,110,0,0,120.327,384,[110 96 6 0 0 0 0 0 0 0 0 0 -18 4 -18 3 -19 2 -19 2 -18 1 -18 1 -18 0 -18 0 -18 -1 -18 0 -18 -1 -18 -1 -18 -2 -18 -2 -18 -2 -17 -2 -17 -2 -16 -2 -16 -2 -16 -2 -17 -2 -16 -2 -16 -2 -16 -2 -16 -2 -15 -2 0 0 -15 -2 -15 -2 -15 -1 -15 -1 -15 -1 -15 -1 -15 0 -15 0 -15 0 -15 0 -15 1 -15 1 -15 1 -15 1 -15 1 -15 1 -14 2 -14 2 -14 2 -15 2 -15 3 -15 3 -14 3 -14 3 -15 3 -14 4 0 0 0 0 0 0 0 0 0 0 ]
CSI_DATA,STA,94:B9:7E:D9:DB:AD,-53,11,1,7,1,1,1,1,0,0,0,-94,1,6,1,121149086,0,110,0,0,121.333,384,[110 96 6 0 0 0 0 0 0 0 0 0 5 18 5 18 4 19 3 19 3 19 2 19 2 19 2 19 1 19 0 19 0 19 0 19 -1 18 -1 18 -1 18 -1 18 -1 17 -1 17 -1 17 -1 17 -1 17 -1 16 0 16 0 16 -1 16 0 16 0 0 0 15 0 16 1 15 1 15 1 15 2 15 2 14 2 15 2 15 2 15 3 15 3 15 3 14 3 14 4 14 4 14 5 14 5 14 5 14 5 14 5 14 5 14 6 14 6 14 6 14 7 14 0 0 0 0 0 0 0 0 0 0 ]
CSI_DATA,STA,94:B9:7E:D9:DB:AD,-53,11,1,7,1,1,1,1,0,0,0,-94,1,6,1,122150021,0,110,0,0,122.333,384,[110 96 6 0 0 0 0 0 0 0 0 0 3 19 2 20 1 20 1 20 0 20 0 19 -1 20 -1 19 -2 19 -2 19 -2 19 -2 19 -3 19 -3 18 -3 19 -3 18 -3 18 -3 17 -3 17 -3 17 -3 17 -3 16 -3 16 -3 16 -2 16 -2 16 0 0 -2 16 -2 16 -2 16 -1 15 -1 15 -1 15 -1 15 -1 15 0 15 0 15 1 15 1 15 1 15 1 15 1 15 2 15 2 15 3 15 2 15 3 15 3 15 2 15 3 15 4 15 4 15 4 15 0 0 0 0 0 0 0 0 0 0 ]
CSI_DATA,STA,94:B9:7E:D9:DB:AD,-53,11,1,7,1,1,1,1,0,0,0,-94,1,6,1,123144396,0,110,0,0,123.328,384,[110 96 6 0 0 0 0 0 0 0 0 0 18 2 18 3 17 3 17 4 17 4 17 5 16 5 16 6 16 6 16 6 15 6 15 7 15 7 15 7 14 7 14 8 14 7 14 7 14 7 14 7 13 7 13 7 13 7 13 7 13 6 13 6 0 0 13 6 13 6 13 6 13 5 12 5 13 5 13 5 12 4 13 4 13 4 13 4 13 3 13 3 13 3 13 3 13 3 14 3 14 2 14 3 14 2 14 2 14 2 14 2 14 2 14 1 14 1 0 0 0 0 0 0 0 0 0 0 ]
CSI_DATA,STA,94:B9:7E:D9:DB:AD,-53,11,1,7,1,1,1,1,0,0,0,-94,1,6,1,124146374,0,110,0,0,124.33,384,[110 96 6 0 0 0 0 0 0 0 0 0 -1 17 -1 17 -3 18 -3 18 -4 18 -4 17 -4 17 -5 17 -5 17 -6 16 -6 17 -6 16 -6 16 -7 16 -7 15 -7 15 -7 15 -6 15 -7 14 -7 14 -6 14 -6 14 -6 14 -6 14 -6 14 -6 14 0 0 -5 14 -5 14 -5 13 -5 13 -4 13 -4 13 -4 13 -4 13 -4 13 -4 14 -3 14 -3 14 -3 14 -2 13 -2 14 -2 14 -2 14 -1 14 -1 14 -1 14 -1 14 -1 14 -1 14 0 14 0 14 0 14 0 0 0 0 0 0 0 0 0 0 ]
CSI_DATA,STA,94:B9:7E:D9:DB:AD,-53,11,1,7,1,1,1,1,0,0,0,-94,1,6,1,125148382,0,110,0,0,125.332,384,[110 96 6 0 0 0 0 0 0 0 0 0 7 -17 7 -17 8 -16 9 -16 9 -16 9 -15 9 -14 10 -15 11 -14 11 -14 11 -13 11 -13 11 -13 11 -13 11 -13 11 -12 11 -12 10 -12 11 -11 11 -11 11 -11 11 -11 10 -11 10 -11 10 -11 10 -11 0 0 9 -11 9 -11 9 -11 8 -11 8 -11 8 -11 8 -11 8 -11 8 -11 7 -12 7 -12 7 -12 7 -12 7 -12 7 -12 7 -12 7 -12 6 -13 6 -13 6 -13 6 -13 6 -13 6 -13 5 -13 6 -13 5 -14 0 0 0 0 0 0 0 0 0 0 ]
CSI_DATA,STA,94:B9:7E:D9:DB:AD,-53,11,1,7,1,1,1,1,0,0,0,-94,1,6,1,126147311,0,110,0,0,126.331,384,[110 96 6 0 0 0 0 0 0 0 0 0 16 -9 16 -8 17 -7 16 -7 17 -7 16 -6 17 -6 17 -5 17 -5 17 -4 17 -3 17 -3 17 -3 16 -3 16 -3 16 -3 15 -3 15 -3 16 -2 16 -3 15 -3 15 -3 15 -2 15 -2 14 -2 14 -3 0 0 14 -3 14 -3 14 -3 14 -4 13 -4 13 -4 13 -4 13 -4 13 -5 13 -5 13 -5 13 -5 13 -5 12 -5 13 -6 12 -7 13 -6 12 -7 12 -7 12 -8 12 -8 12 -8 12 -8 12 -8 12 -8 12 -8 0 0 0 0 0 0 0 0 0 0 ]
CSI_DATA,STA,94:B9:7E:D9:DB:AD,-53,11,1,7,1,1,1,1,0,0,0,-94,1,6,1,127148335,0,110,0,0,127.332,384,[110 96 6 0 0 0 0 0 0 0 0 0 -4 -21 -4 -20 -3 -20 -2 -21 -2 -21 -2 -20 -1 -21 -1 -20 -1 -20 0 -20 1 -20 1 -20 2 -20 2 -19 1 -19 1 -19 2 -19 2 -18 2 -18 2 -18 1 -18 1 -18 1 -17 1 -17 1 -17 1 -17 0 0 0 -17 0 -17 0 -16 -1 -17 -1 -16 -1 -16 -1 -16 -2 -16 -2 -16 -2 -16 -2 -16 -2 -16 -2 -16 -3 -16 -4 -16 -4 -16 -4 -16 -4 -16 -5 -16 -5 -16 -5 -16 -6 -16 -5 -16 -6 -15 -6 -16 -6 -16 0 0 0 0 0 0 0 0 0 0 ]
CSI_DATA,STA,94:B9:7E:D9:DB:AD,-53,11,1,7,1,1,1,1,0,0,0,-94,1,6,1,128152546,0,110,0,0,128.336,384,[110 96 6 0 0 0 0 0 0 0 0 0 -20 5 -20 3 -20 3 -21 3 -20 2 -21 2 -20 1 -20 0 -20 0 -20 0 -20 -1 -20 -1 -20 -1 -20 -2 -19 -2 -19 -2 -19 -2 -18 -2 -18 -2 -18 -2 -18 -3 -18 -2 -18 -2 -17 -2 -17 -2 -17 -2 0 0 -17 -2 -17 -1 -17 -1 -16 -1 -16 -1 -16 0 -16 0 -16 -1 -16 0 -16 0 -16 0 -16 1 -16 2 -16 1 -16 2 -16 2 -16 2 -16 2 -15 2 -16 2 -16 3 -16 3 -16 3 -16 3 -16 4 -16 4 0 0 0 0 0 0 0 0 0 0 ]
CSI_DATA,STA,94:B9:7E:D9:DB:AD,-53,11,1,7,1,1,1,1,0,0,0,-94,1,6,1,129150680,0,110,0,0,129.334,384,[110 96 6 0 0 0 0 0 0 0 0 0 -19 0 -19 -1 -19 -1 -19 -1 -19 -2 -18 -3 -18 -3 -18 -3 -18 -4 -18 -4 -18 -4 -18 -5 -17 -5 -17 -5 -17 -5 -17 -5 -16 -5 -16 -5 -16 -5 -16 -5 -16 -5 -16 -5 -15 -5 -15 -5 -15 -5 -15 -5 0 0 -15 -4 -15 -4 -15 -4 -15 -3 -15 -3 -15 -3 -14 -2 -15 -2 -15 -2 -15 -2 -14 -2 -15 -1 -15 -1 -15 -1 -15 -1 -15 -1 -14 0 -15 0 -14 1 -15 1 -15 1 -15 1 -15 1 -15 2 -15 2 -15 2 0 0 0 0 0 0 0 0 0 0 ]
CSI_DATA,STA,94:B9:7E:D9:DB:AD,-53,11,1,7,1,1,1,1,0,0,0,-94,1,6,1,130150395,0,110,0,0,130.334,384,[110 96 6 0 0 0 0 0 0 0 0 0 -9 17 -10 17 -11 17 -12 16 -12 16 -12 16 -12 15 -13 15 -13 15 -13 14 -13 15 -13 14 -13 14 -13 13 -13 13 -14 13 -13 12 -13 13 -13 12 -13 12 -13 12 -13 12 -13 12 -12 12 -12 12 -11 12 0 0 -11 12 -11 12 -11 12 -10 12 -10 12 -10 12 -10 12 -9 12 -9 12 -9 13 -8 13 -8 13 -8 14 -8 13 -7 14 -7 14 -7 14 -7 14 -7 14 -6 14 -6 14 -7 14 -6 15 -6 15 -5 15 -5 15 0 0 0 0 0 0 0 0 0 0 ]
CSI_DATA,STA,94:B9:7E:D9:DB:AD,-53,11,1,7,1,1,1,1,0,0,0,-94,1,6,1,131153501,0,110,0,0,131.337,384,[110 96 6 0 0 0 0 0 0 0 0 0 14 11 13 12 12 12 12 13 12 13 11 13 11 13 11 13 11 14 10 14 10 14 9 14 9 14 9 14 9 14 9 14 8 13 9 13 8 13 8 13 8 13 8 13 8 13 8 12 8 12 8 12 0 0 9 12 8 12 8 11 9 11 8 10 9 10 9 10 9 10 10 10 10 10 10 9 10 9 10 9 11 9 11 8 11 8 11 8 11 7 12 8 11 7 12 7 12 7 12 7 12 7 12 7 12 7 0 0 0 0 0 0 0 0 0 0 ]
CSI_DATA,STA,94:B9:7E:D9:DB:AD,-52,11,1,6,1,1,1,1,0,0,0,-94,1,6,1,132156357,0,110,0,0,132.34,384,[110 96 6 0 0 0 0 0 0 0 0 0 -6 19 -6 19 -7 18 -8 19 -8 18 -9 18 -9 17 -10 17 -10 17 -10 16 -11 16 -11 16 -11 15 -11 15 -11 15 -11 15 -11 15 -10 14 -11 14 -10 14 -11 14 -10 14 -10 13 -10 13 -10 13 -10 13 0 0 -9 14 -9 13 -9 14 -8 13 -8 14 -8 14 -8 14 -7 14 -7 14 -7 14 -7 14 -7 14 -6 14 -6 14 -6 14 -5 15 -5 14 -5 15 -4 15 -5 15 -4 15 -5 15 -4 15 -4 15 -4 15 -4 16 0 0 0 0 0 0 0 0 0 0 ]
CSI_DATA,STA,94:B9:7E:D9:DB:AD,-53,11,1,7,1,1,1,1,0,0,0,-94,1,6,1,133158966,0,110,0,0,133.342,384,[110 96 6 0 0 0 0 0 0 0 0 0 6 -20 6 -20 7 -19 8 -19 8 -19 8 -19 9 -18 9 -18 10 -18 10 -17 10 -17 10 -17 10 -16 10 -16 10 -16 11 -15 10 -15 10 -15 10 -15 10 -14 10 -14 10 -14 9 -14 9 -14 9 -14 9 -14 0 0 8 -14 8 -14 8 -14 8 -14 8 -14 7 -14 7 -14 7 -14 7 -14 6 -15 5 -15 5 -15 5 -15 5 -15 5 -15 4 -15 5 -16 4 -16 4 -16 4 -16 3 -16 4 -16 3 -16 3 -16 2 -16 2 -16 0 0 0 0 0 0 0 0 0 0 ]
CSI_DATA,STA,94:B9:7E:D9:DB:AD,-52,11,1,6,1,1,1,1,0,0,0,-94,1,6,1,134161164,0,110,0,0,134.345,384,[110 96 6 0 0 0 0 0 0 0 0 0 12 16 11 15 11 16 10 17 10 17 9 17 9 17 9 17 8 17 8 18 7 17 7 18 6 17 6 18 6 17 6 17 6 17 6 16 5 16 5 16 5 16 6 16 5 16 5 15 5 15 6 15 0 0 6 15 6 15 6 14 7 14 6 13 7 13 7 13 7 13 8 13 8 13 7 13 7 13 8 13 9 12 9 12 9 12 10 12 9 11 10 12 10 11 10 11 10 12 11 11 11 11 11 11 11 11 0 0 0 0 0 0 0 0 0 0 ]
CSI_DATA,STA,94:B9:7E:D9:DB:AD,-52,11,1,6,1,1,1,1,0,0,0,-94,1,6,1,135155510,0,110,0,0,135.339,384,[110 96 6 0 0 0 0 0 0 0 0 0 -14 -16 -14 -16 -13 -17 -13 -17 -12 -17 -12 -18 -11 -18 -11 -18 -11 -18 -10 -18 -10 -18 -9 -18 -9 -18 -8 -18 -8 -18 -8 -17 -8 -17 -8 -17 -8 -17 -7 -17 -8 -16 -8 -17 -8 -16 -8 -16 -8 -16 -8 -16 0 0 -8 -15 -8 -15 -9 -15 -9 -15 -9 -14 -9 -14 -9 -14 -10 -13 -10 -14 -10 -13 -11 -12 -10 -12 -11 -13 -11 -12 -11 -12 -12 -12 -11 -12 -12 -12 -12 -12 -12 -11 -12 -11 -13 -11 -13 -11 -13 -11 -13 -11 -14 -10 0 0 0 0 0 0 0 0 0 0 ]
CSI_DATA,STA,94:B9:7E:D9:DB:AD,-53,11,1,7,1,1,1,1,0,0,0,-94,1,6,1,136158581,0,110,0,0,136.342,384,[110 96 6 0 0 0 0 0 0 0 0 0 20 -1 20 0 20 0 19 1 19 1 19 2 19 2 19 2 19 2 19 3 18 4 18 4 18 4 18 4 18 4 17 4 17 4 17 4 17 4 17 4 17 3 16 3 16 3 15 4 16 4 16 3 0 0 16 2 16 2 16 2 15 2 15 1 15 1 15 1 15 0 16 0 15 0 15 0 15 0 15 -1 16 -1 15 -2 15 -2 15 -2 15 -3 15 -2 16 -3 15 -3 16 -4 15 -4 15 -4 15 -4 15 -4 0 0 0 0 0 0 0 0 0 0 ]
CSI_DATA,STA,94:B9:7E:D9:DB:AD,-53,11,1,7,1,1,1,1,0,0,0,-94,1,6,1,137157125,0,110,0,0,137.341,384,[110 96 6 0 0 0 0 0 0 0 0 0 -14 -15 -14 -16 -13 -16 -13 -17 -12 -17 -12 -17 -11 -17 -11 -17 -11 -17 -10 -17 -10 -18 -9 -18 -9 -18 -9 -18 -9 -18 -8 -17 -8 -17 -8 -17 -8 -17 -8 -16 -8 -16 -8 -16 -8 -16 -8 -16 -8 -16 -8 -15 0 0 -8 -15 -8 -14 -8 -14 -9 -15 -9 -14 -9 -14 -9 -14 -9 -13 -10 -13 -10 -13 -10 -13 -10 -12 -10 -13 -11 -12 -11 -12 -11 -12 -11 -12 -12 -12 -12 -12 -12 -11 -12 -11 -13 -11 -13 -11 -13 -11 -13 -11 -13 -11 0 0 0 0 0 0 0 0 0 0 ]
CSI_DATA,STA,94:B9:7E:D9:DB:AD,-52,11,1,6,1,1,1,1,0,0,0,-94,1,6,1,138159963,0,110,0,0,138.343,384,[110 96 6 0 0 0 0 0 0 0 0 0 -4 -18 -3 -19 -2 -18 -2 -19 -1 -19 -1 -18 0 -18 0 -18 1 -18 0 -18 1 -18 1 -18 1 -18 1 -18 2 -17 2 -17 2 -17 2 -17 2 -16 2 -16 2 -16 2 -16 2 -16 1 -15 1 -16 1 -16 0 0 1 -15 1 -15 0 -15 0 -15 0 -14 0 -15 0 -15 -1 -15 -1 -15 -2 -15 -2 -14 -2 -14 -2 -15 -3 -14 -2 -15 -3 -15 -3 -14 -3 -14 -3 -14 -4 -14 -4 -14 -4 -15 -4 -15 -5 -14 -5 -15 -5 -14 0 0 0 0 0 0 0 0 0 0 ]
CSI_DATA,STA,94:B9:7E:D9:DB:AD,-53,11,1,7,1,1,1,1,0,0,0,-94,1,6,1,139158809,0,110,0,0,139.342,384,[110 96 6 0 0 0 0 0 0 0 0 0 14 -14 15 -14 15 -13 16 -13 16 -12 16 -12 16 -11 16 -11 16 -11 16 -10 17 -10 17 -9 17 -9 16 -9 16 -9 16 -8 16 -8 15 -8 16 -8 16 -8 15 -8 15 -8 15 -8 15 -8 15 -8 14 -8 0 0 14 -8 14 -8 14 -9 13 -9 13 -9 13 -9 13 -9 12 -10 12 -10 12 -10 12 -10 12 -10 12 -10 11 -11 11 -11 11 -11 11 -11 11 -12 11 -12 10 -13 10 -13 10 -13 10 -13 10 -13 10 -13 10 -13 0 0 0 0 0 0 0 0 0 0 ]
CSI_DATA,STA,94:B9:7E:D9:DB:AD,-52,11,1,6,1,1,1,1,0,0,0,-94,1,6,1,140164371,0,110,0,0,140.348,384,[110 96 6 0 0 0 0 0 0 0 0 0 -16 10 -16 10 -17 9 -17 8 -17 8 -17 8 -17 7 -17 7 -17 7 -17 7 -17 5 -17 6 -17 5 -17 5 -17 5 -17 5 -16 5 -16 4 -16 5 -16 5 -16 5 -15 4 -15 5 -15 4 -15 5 -15 5 0 0 -14 5 -14 5 -14 5 -14 6 -13 6 -14 6 -13 6 -13 6 -13 6 -13 7 -13 7 -12 7 -13 8 -12 8 -12 8 -12 8 -11 8 -11 9 -11 9 -11 9 -11 9 -11 9 -11 10 -11 10 -11 10 -11 10 0 0 0 0 0 0 0 0 0 0 ]
CSI_DATA,STA,94:B9:7E:D9:DB:AD,-52,11,1,6,1,1,1,1,0,0,0,-94,1,6,1,141162127,0,110,0,0,141.346,384,[110 96 6 0 0 0 0 0 0 0 0 0 4 -18 5 -18 5 -18 6 -18 6 -18 6 -17 7 -17 7 -17 8 -16 8 -16 8 -16 8 -16 9 -15 9 -15 9 -15 9 -15 8 -14 8 -14 8 -14 8 -14 9 -14 8 -14 8 -14 8 -13 8 -13 7 -13 0 0 7 -13 7 -13 7 -13 6 -13 6 -13 6 -14 6 -13 6 -14 5 -14 5 -14 5 -14 5 -14 5 -14 4 -14 4 -14 4 -14 4 -14 3 -14 3 -14 3 -15 2 -15 2 -15 2 -15 2 -15 2 -15 2 -15 0 0 0 0 0 0 0 0 0 0 ]
CSI_DATA,STA,94:B9:7E:D9:DB:AD,-53,11,1,7,1,1,1,1,0,0,0,-94,1,6,1,142167150,0,110,0,0,142.351,384,[110 96 6 0 0 0 0 0 0 0 0 0 14 -11 15 -11 15 -10 15 -10 15 -9 15 -9 15 -8 16 -8 16 -8 16 -8 15 -7 16 -7 16 -7 16 -6 16 -6 15 -6 15 -6 15 -6 15 -6 15 -5 15 -5 15 -5 14 -6 14 -6 14 -6 14 -6 0 0 13 -6 13 -6 13 -6 12 -6 12 -6 13 -7 12 -7 12 -7 12 -7 12 -8 11 -8 11 -8 11 -8 11 -9 11 -8 11 -9 11 -9 11 -9 11 -9 11 -10 10 -10 11 -10 10 -10 10 -11 10 -11 10 -11 0 0 0 0 0 0 0 0 0 0 ]
CSI_DATA,STA,94:B9:7E:D9:DB:AD,-50,11,1,5,1,1,1,1,0,0,0,-94,1,6,1,143181224,0,110,0,0,143.365,384,[110 96 6 0 0 0 0 0 0 0 0 0 2 -19 3 -19 3 -19 4 -19 4 -18 5 -18 5 -18 5 -18 6 -18 6 -17 6 -17 7 -17 7 -17 7 -16 7 -16 7 -16 7 -16 7 -15 7 -15 7 -15 7 -15 6 -15 6 -14 6 -14 6 -15 6 -15 0 0 5 -14 5 -14 5 -14 4 -14 5 -14 4 -14 4 -14 3 -14 4 -15 3 -14 3 -14 3 -14 3 -14 2 -15 2 -14 2 -15 2 -15 1 -15 1 -15 0 -15 0 -15 0 -15 0 -15 0 -15 0 -15 0 -15 0 0 0 0 0 0 0 0 0 0 ]
CSI_DATA,STA,94:B9:7E:D9:DB:AD,-53,11,1,7,1,1,1,1,0,0,0,-94,1,6,1,144164426,0,110,0,0,144.348,384,[110 96 6 0 0 0 0 0 0 0 0 0 -10 17 -11 17 -12 17 -12 16 -13 16 -13 15 -13 15 -13 14 -14 14 -14 14 -14 14 -14 13 -14 13 -14 13 -14 13 -14 12 -14 12 -14 12 -14 11 -14 11 -14 11 -14 11 -13 11 -13 11 -13 11 -12 11 0 0 -12 11 -12 11 -12 11 -12 11 -11 11 -11 11 -11 11 -11 11 -11 12 -10 12 -10 12 -10 12 -10 12 -9 13 -9 13 -9 13 -8 13 -8 13 -8 13 -8 13 -8 13 -9 13 -8 14 -8 14 -8 14 -8 14 0 0 0 0 0 0 0 0 0 0 ]
CSI_DATA,STA,94:B9:7E:D9:DB:AD,-52,11,1,6,1,1,1,1,0,0,0,-94,1,6,1,145164783,0,110,0,0,145.348,384,[110 96 6 0 0 0 0 0 0 0 0 0 -20 -7 -20 -7 -20 -8 -19 -8 -19 -9 -18 -9 -19 -10 -18 -10 -18 -11 -17 -12 -17 -11 -17 -12 -16 -12 -16 -12 -16 -11 -16 -11 -15 -11 -16 -11 -15 -11 -15 -11 -15 -11 -15 -11 -15 -11 -14 -10 -14 -10 -14 -10 0 0 -14 -9 -15 -9 -14 -8 -15 -9 -14 -8 -14 -8 -15 -8 -15 -8 -15 -7 -16 -7 -15 -6 -15 -6 -15 -6 -15 -6 -16 -5 -16 -5 -16 -5 -16 -5 -16 -4 -16 -4 -16 -4 -17 -4 -16 -4 -17 -4 -17 -4 -17 -3 0 0 0 0 0 0 0 0 0 0 ]
CSI_DATA,STA,94:B9:7E:D9:DB:AD,-51,11,1,6,1,1,1,1,0,0,0,-94,1,6,1,146171228,0,110,0,0,146.355,384,[110 96 6 0 0 0 0 0 0 0 0 0 12 -14 12 -14 13 -13 13 -13 14 -13 13 -12 14 -12 14 -11 14 -11 14 -10 15 -10 15 -10 15 -9 15 -9 14 -9 15 -9 14 -8 14 -9 14 -8 14 -8 14 -8 13 -8 13 -8 13 -8 13 -8 12 -8 0 0 12 -8 12 -9 12 -8 12 -9 11 -9 11 -9 11 -9 11 -9 11 -9 10 -10 10 -10 10 -10 10 -10 10 -10 10 -11 9 -11 10 -11 9 -11 9 -11 9 -12 9 -12 9 -12 9 -12 9 -12 8 -12 8 -12 0 0 0 0 0 0 0 0 0 0 ]
CSI_DATA,STA,94:B9:7E:D9:DB:AD,-52,11,1,6,1,1,1,1,0,0,0,-94,1,6,1,147169899,0,110,0,0,147.353,384,[110 96 6 0 0 0 0 0 0 0 0 0 -10 -19 -10 -18 -9 -20 -8 -20 -8 -20 -7 -19 -7 -19 -6 -19 -6 -19 -5 -20 -5 -20 -5 -20 -4 -19 -4 -19 -4 -19 -4 -19 -4 -19 -4 -18 -4 -18 -4 -18 -4 -18 -4 -18 -4 -17 -4 -17 -4 -17 -4 -17 0 0 -4 -16 -5 -16 -5 -16 -5 -16 -5 -15 -6 -15 -6 -15 -6 -15 -6 -15 -7 -15 -7 -15 -7 -15 -7 -15 -8 -14 -8 -15 -8 -14 -8 -14 -9 -14 -9 -14 -10 -14 -10 -14 -10 -14 -10 -14 -10 -14 -10 -14 -11 -14 0 0 0 0 0 0 0 0 0 0 ]
CSI_DATA,STA,94:B9:7E:D9:DB:AD,-53,11,1,7,1,1,1,1,0,0,0,-94,1,6,1,148169790,0,110,0,0,148.353,384,[110 96 6 0 0 0 0 0 0 0 0 0 -6 -20 -6 -20 -5 -20 -4 -20 -4 -20 -4 -20 -3 -20 -2 -20 -2 -20 -1 -20 -1 -20 -1 -20 0 -20 0 -19 0 -19 0 -19 0 -19 0 -18 0 -18 1 -18 0 -18 0 -18 0 -17 0 -17 0 -17 -1 -17 0 0 -1 -17 -1 -17 -1 -16 -2 -17 -2 -16 -2 -16 -2 -16 -3 -16 -3 -16 -4 -16 -4 -16 -4 -15 -4 -15 -4 -16 -5 -16 -5 -16 -5 -16 -6 -16 -6 -16 -6 -16 -6 -16 -6 -15 -7 -16 -7 -15 -7 -16 -7 -15 0 0 0 0 0 0 0 0 0 0 ]
CSI_DATA,STA,94:B9:7E:D9:DB:AD,-53,11,1,7,1,1,1,1,0,0,0,-94,1,6,1,149168521,0,110,0,0,149.352,384,[110 96 6 0 0 0 0 0 0 0 0 0 -15 10 -15 10 -16 9 -16 9 -17 8 -17 8 -16 8 -16 7 -17 7 -17 6 -17 6 -17 6 -17 5 -17 5 -17 5 -17 5 -16 5 -16 4 -16 5 -16 5 -15 5 -15 5 -15 4 -15 4 -15 4 -15 4 0 0 -14 5 -14 5 -14 6 -14 5 -13 5 -14 6 -13 6 -13 6 -13 7 -13 6 -13 6 -13 7 -13 7 -13 7 -12 8 -12 8 -12 8 -12 8 -11 9 -11 8 -12 9 -12 9 -12 9 -12 9 -12 10 -11 9 0 0 0 0 0 0 0 0 0 0 ]
CSI_DATA,STA,94:B9:7E:D9:DB:AD,-53,11,1,7,1,1,1,1,0,0,0,-94,1,6,1,150170637,0,110,0,0,150.354,384,[110 96 6 0 0 0 0 0 0 0 0 0 -5 -20 -4 -20 -3 -20 -2 -20 -2 -21 -2 -20 -1 -21 -1 -20 0 -20 0 -20 1 -20 1 -20 2 -19 2 -19 1 -19 2 -19 2 -18 2 -18 2 -18 2 -18 2 -18 1 -18 1 -18 2 -17 1 -17 1 -17 0 0 1 -17 1 -17 0 -17 0 -17 0 -16 0 -16 0 -16 -1 -16 -1 -16 -1 -16 -2 -16 -2 -16 -2 -16 -3 -16 -3 -16 -3 -16 -3 -16 -4 -16 -4 -16 -5 -16 -5 -16 -5 -16 -4 -16 -5 -16 -5 -16 -5 -16 0 0 0 0 0 0 0 0 0 0 ]
CSI_DATA,STA,94:B9:7E:D9:DB:AD,-52,11,1,6,1,1,1,1,0,0,0,-94,1,6,1,151185815,0,110,0,0,151.369,384,[110 96 6 0 0 0 0 0 0 0 0 0 -19 -2 -19 -2 -19 -3 -19 -4 -19 -4 -18 -5 -18 -5 -17 -5 -17 -6 -17 -6 -17 -7 -17 -7 -17 -7 -17 -7 -16 -7 -16 -7 -16 -7 -16 -7 -15 -7 -15 -7 -15 -7 -15 -7 -15 -7 -15 -7 -15 -7 -15 -6 0 0 -14 -6 -15 -5 -14 -5 -15 -5 -14 -5 -14 -5 -15 -4 -14 -4 -14 -4 -15 -3 -14 -3 -15 -3 -15 -3 -14 -3 -15 -2 -15 -2 -15 -2 -15 -2 -14 -1 -15 -1 -15 -1 -15 -1 -15 -1 -15 -1 -15 -1 -15 0 0 0 0 0 0 0 0 0 0 0 ]
CSI_DATA,STA,94:B9:7E:D9:DB:AD,-53,11,1,7,1,1,1,1,0,0,0,-94,1,6,1,152179379,0,110,0,0,152.363,384,[110 96 6 0 0 0 0 0 0 0 0 0 5 -18 5 -17 6 -18 6 -17 7 -17 7 -17 8 -16 8 -17 8 -17 9 -16 8 -16 9 -15 9 -15 9 -15 9 -14 9 -14 8 -14 8 -14 8 -13 8 -14 8 -13 8 -14 7 -13 8 -13 8 -13 7 -13 0 0 6 -13 7 -13 6 -13 6 -13 6 -13 5 -13 5 -13 5 -14 4 -14 4 -14 4 -14 4 -14 3 -14 3 -14 3 -14 3 -14 3 -15 2 -14 2 -14 2 -15 1 -15 1 -15 1 -15 1 -15 1 -15 0 -15 0 0 0 0 0 0 0 0 0 0 ]
CSI_DATA,STA,94:B9:7E:D9:DB:AD,-51,11,1,6,1,1,1,1,0,0,0,-94,1,6,1,153175786,0,110,0,0,153.359,384,[110 96 6 0 0 0 0 0 0 0 0 0 18 -1 18 -1 18 0 18 1 18 1 18 2 17 2 17 2 17 3 17 3 17 3 17 3 16 4 16 4 16 4 16 5 15 4 15 4 15 4 15 5 15 4 15 4 14 4 14 4 14 4 14 3 0 0 14 3 14 3 14 3 14 3 13 2 14 2 14 2 13 1 14 2 13 1 14 1 14 1 14 1 14 1 14 0 14 0 14 0 14 -1 14 0 14 -1 14 -1 14 -1 14 -1 14 -2 14 -2 14 -2 0 0 0 0 0 0 0 0 0 0 ]
CSI_DATA,STA,94:B9:7E:D9:DB:AD,-52,11,1,6,1,1,1,1,0,0,0,-94,1,6,1,154176600,0,110,0,0,154.36,384,[110 96 6 0 0 0 0 0 0 0 0 0 -7 -20 -6 -20 -6 -21 -5 -20 -5 -21 -4 -20 -4 -20 -3 -20 -3 -21 -2 -20 -2 -20 -1 -20 -1 -20 -1 -19 -1 -19 -1 -20 -1 -19 -1 -19 -1 -18 -1 -18 -1 -18 -1 -18 -1 -18 0 -17 0 -18 -1 -18 0 0 -1 -17 -2 -17 -2 -16 -2 -17 -2 -16 -3 -16 -3 -16 -4 -16 -3 -16 -4 -16 -4 -16 -4 -16 -4 -16 -5 -16 -5 -16 -5 -16 -5 -16 -6 -16 -6 -15 -7 -15 -7 -15 -7 -15 -7 -16 -7 -15 -7 -16 -7 -15 0 0 0 0 0 0 0 0 0 0 ]
CSI_DATA,STA,94:B9:7E:D9:DB:AD,-52,11,1,6,1,1,1,1,0,0,0,-94,1,6,1,155183430,0,110,0,0,155.367,384,[110 96 6 0 0 0 0 0 0 0 0 0 8 -17 8 -16 9 -16 10 -15 10 -16 10 -15 11 -15 11 -14 12 -14 11 -14 11 -14 12 -13 12 -13 12 -13 12 -12 12 -12 11 -12 11 -12 11 -11 11 -11 11 -11 11 -11 11 -11 10 -11 10 -11 10 -11 0 0 9 -11 10 -11 9 -11 9 -12 8 -11 9 -11 8 -11 8 -12 8 -12 7 -12 7 -12 7 -12 7 -12 7 -13 7 -13 6 -13 7 -14 6 -13 6 -13 6 -14 5 -14 5 -14 5 -14 5 -14 5 -14 4 -14 0 0 0 0 0 0 0 0 0 0 ]
CSI_DATA,STA,94:B9:7E:D9:DB:AD,-53,11,1,7,1,1,1,1,0,0,0,-94,1,6,1,156178077,0,110,0,0,156.362,384,[110 96 6 0 0 0 0 0 0 0 0 0 2 19 2 19 1 20 0 19 0 20 0 19 -1 19 -1 19 -2 19 -2 19 -3 19 -3 19 -4 18 -4 18 -3 18 -4 18 -3 17 -4 18 -4 17 -4 17 -4 17 -3 16 -3 17 -4 16 -3 16 -3 16 0 0 -2 16 -3 16 -2 15 -1 16 -1 15 -1 15 -1 15 -1 15 0 15 0 16 0 15 0 15 1 15 1 15 1 15 2 15 2 15 2 15 3 15 3 15 3 15 2 15 3 15 3 15 4 15 4 15 0 0 0 0 0 0 0 0 0 0 ]
CSI_DATA,STA,94:B9:7E:D9:DB:AD,-53,11,1,7,1,1,1,1,0,0,0,-94,1,6,1,157181349,0,110,0,0,157.365,384,[110 96 6 0 0 0 0 0 0 0 0 0 11 -17 12 -17 12 -16 13 -16 13 -15 13 -15 13 -14 14 -14 15 -14 14 -13 14 -13 14 -13 15 -12 14 -12 15 -12 14 -11 15 -11 14 -11 14 -11 14 -10 14 -10 14 -11 13 -10 13 -11 13 -11 13 -11 0 0 12 -11 12 -10 12 -11 11 -11 11 -11 11 -11 11 -11 11 -11 10 -12 10 -12 10 -12 10 -12 9 -13 10 -13 9 -13 9 -13 9 -13 9 -13 9 -14 8 -14 9 -14 8 -14 8 -14 7 -15 7 -14 7 -15 0 0 0 0 0 0 0 0 0 0 ]
CSI_DATA,STA,94:B9:7E:D9:DB:AD,-53,11,1,7,1,1,1,1,0,0,0,-94,1,6,1,158178396,0,110,0,0,158.362,384,[110 96 6 0 0 0 0 0 0 0 0 0 9 15 9 15 8 15 7 16 7 16 7 16 6 16 6 16 6 17 5 16 5 16 5 16 4 16 4 16 4 16 3 16 3 16 3 15 3 15 3 15 3 15 3 15 3 14 3 14 3 15 4 14 0 0 4 14 4 14 4 14 4 13 4 13 5 13 5 13 5 12 5 12 6 12 6 12 6 12 6 12 6 12 6 12 7 12 7 11 8 11 8 12 8 11 8 11 7 12 8 11 9 11 9 11 9 11 0 0 0 0 0 0 0 0 0 0 ]
CSI_DATA,STA,94:B9:7E:D9:DB:AD,-53,11,1,7,1,1,1,1,0,0,0,-94,1,6,1,159179209,0,110,0,0,159.363,384,[110 96 6 0 0 0 0 0 0 0 0 0 18 -3 18 -2 18 -1 18 0 18 0 18 1 17 1 17 2 18 3 17 2 17 2 17 2 17 2 16 3 16 3 16 3 16 3 15 3 15 3 15 4 15 3 15 3 15 3 14 3 14 2 14 2 0 0 14 2 14 2 14 2 14 2 14 1 14 1 14 1 14 0 14 0 13 0 14 0 14 -1 13 -1 14 -1 14 -1 14 -2 14 -2 14 -2 14 -2 14 -2 14 -2 14 -2 14 -3 13 -4 14 -4 14 -4 0 0 0 0 0 0 0 0 0 0 ]
CSI_DATA,STA,94:B9:7E:D9:DB:AD,-53,11,1,7,1,1,1,1,0,0,0,-94,1,6,1,160181713,0,110,0,0,160.365,384,[110 96 6 0 0 0 0 0 0 0 0 0 -2 -19 -2 -19 -1 -19 0 -18 0 -19 0 -19 1 -18 1 -18 2 -18 2 -18 2 -18 3 -18 3 -18 3 -17 3 -17 3 -17 3 -16 3 -16 3 -16 3 -16 3 -16 3 -16 3 -15 3 -15 3 -15 3 -15 0 0 2 -15 2 -15 2 -15 1 -15 1 -14 1 -15 1 -15 0 -15 0 -15 0 -15 -1 -15 -1 -14 -1 -14 -1 -14 -1 -15 -1 -15 -1 -15 -2 -15 -2 -15 -3 -15 -3 -15 -3 -15 -3 -15 -3 -15 -4 -15 -4 -15 0 0 0 0 0 0 0 0 0 0 ]
CSI_DATA,STA,94:B9:7E:D9:DB:AD,-52,11,1,6,1,1,1,1,0,0,0,-94,1,6,1,161195759,0,110,0,0,161.379,384,[110 96 6 0 0 0 0 0 0 0 0 0 8 -17 8 -16 9 -16 10 -16 10 -16 10 -15 10 -15 10 -15 11 -14 11 -14 11 -14 11 -13 12 -13 12 -13 12 -13 11 -13 11 -12 11 -12 11 -12 11 -11 11 -12 11 -12 10 -12 10 -12 10 -11 10 -12 0 0 9 -12 9 -12 9 -11 8 -12 8 -11 8 -12 8 -12 8 -12 7 -12 7 -13 7 -13 7 -13 7 -13 6 -13 6 -13 6 -13 6 -14 5 -13 5 -14 5 -14 5 -14 5 -14 4 -14 4 -14 4 -14 4 -15 0 0 0 0 0 0 0 0 0 0 ]
CSI_DATA,STA,94:B9:7E:D9:DB:AD,-53,11,1,7,1,1,1,1,0,0,0,-94,1,6,1,162186811,0,110,0,0,162.37,384,[110 96 6 0 0 0 0 0 0 0 0 0 3 -20 4 -21 5 -20 5 -20 6 -19 6 -20 6 -19 7 -19 7 -19 7 -18 8 -18 8 -18 8 -17 8 -17 8 -17 8 -17 8 -16 7 -16 8 -16 8 -16 8 -16 7 -16 7 -16 7 -15 7 -16 6 -15 0 0 6 -15 6 -15 6 -16 5 -15 5 -15 5 -15 4 -15 4 -15 4 -16 3 -16 3 -16 3 -16 3 -16 2 -16 2 -16 2 -16 2 -16 1 -16 1 -16 0 -17 0 -17 0 -17 0 -16 0 -16 -1 -17 -1 -17 0 0 0 0 0 0 0 0 0 0 ]
CSI_DATA,STA,94:B9:7E:D9:DB:AD,-52,11,1,6,1,1,1,1,0,0,0,-94,1,6,1,163183913,0,110,0,0,163.367,384,[110 96 6 0 0 0 0 0 0 0 0 0 1 -21 1 -21 2 -21 3 -21 3 -20 4 -20 5 -20 5 -20 6 -20 6 -19 6 -19 6 -19 7 -18 7 -18 7 -18 7 -18 6 -17 7 -17 7 -17 7 -17 7 -16 7 -17 6 -16 6 -16 6 -16 5 -16 0 0 5 -16 5 -16 5 -16 4 -16 4 -16 4 -15 4 -16 4 -16 3 -16 3 -16 2 -16 2 -16 2 -16 2 -16 1 -16 1 -17 1 -16 1 -16 1 -16 0 -16 0 -17 0 -17 0 -17 0 -17 -1 -17 -1 -17 0 0 0 0 0 0 0 0 0 0 ]
CSI_DATA,STA,94:B9:7E:D9:DB:AD,-52,11,1,6,1,1,1,1,0,0,0,-94,1,6,1,164184549,0,110,0,0,164.368,384,[110 96 6 0 0 0 0 0 0 0 0 0 19 5 19 5 19 6 19 7 18 7 18 7 18 8 18 8 18 9 17 9 16 9 17 9 16 9 16 10 15 9 16 10 15 9 15 9 15 9 15 9 15 9 14 8 14 8 14 8 14 8 14 8 0 0 14 7 14 7 14 7 14 6 14 6 14 6 14 5 14 5 14 5 15 4 15 4 15 4 15 4 15 4 15 3 15 3 16 3 15 2 16 2 15 1 15 1 16 2 16 1 16 1 16 1 15 0 0 0 0 0 0 0 0 0 0 0 ]
CSI_DATA,STA,94:B9:7E:D9:DB:AD,-53,11,1,7,1,1,1,1,0,0,0,-94,1,6,1,165192553,0,110,0,0,165.376,384,[110 96 6 0 0 0 0 0 0 0 0 0 16 -9 16 -8 16 -8 17 -7 17 -7 16 -6 17 -5 17 -5 17 -5 17 -4 16 -4 17 -3 16 -3 16 -3 16 -3 16 -3 15 -3 15 -3 15 -3 15 -3 15 -2 15 -3 14 -3 14 -3 14 -3 14 -3 0 0 13 -3 14 -4 13 -4 13 -4 13 -4 13 -4 13 -5 13 -5 12 -5 12 -6 12 -6 12 -6 12 -6 12 -6 12 -7 11 -7 12 -7 12 -7 12 -7 12 -8 12 -8 11 -8 12 -8 11 -9 11 -8 11 -9 0 0 0 0 0 0 0 0 0 0 ]
CSI_DATA,STA,94:B9:7E:D9:DB:AD,-53,11,1,7,1,1,1,1,0,0,0,-94,1,6,1,166187525,0,110,0,0,166.371,384,[110 96 6 0 0 0 0 0 0 0 0 0 14 -12 14 -11 14 -11 15 -11 15 -10 15 -10 15 -9 15 -9 16 -9 16 -8 16 -7 16 -7 16 -7 15 -7 15 -7 15 -6 15 -6 15 -6 14 -6 15 -6 15 -6 14 -6 14 -6 13 -6 14 -6 13 -6 0 0 13 -6 13 -6 13 -6 12 -7 12 -6 12 -7 12 -6 12 -7 12 -7 11 -8 11 -8 11 -8 11 -8 11 -8 11 -9 11 -9 11 -9 11 -9 11 -9 10 -9 11 -10 11 -10 11 -10 10 -10 10 -10 10 -10 0 0 0 0 0 0 0 0 0 0 ]
CSI_DATA,STA,94:B9:7E:D9:DB:AD,-53,11,1,7,1,1,1,1,0,0,0,-94,1,6,1,167188191,0,110,0,0,167.372,384,[110 96 6 0 0 0 0 0 0 0 0 0 17 3 17 4 16 5 16 5 16 6 16 6 16 6 16 7 16 7 15 8 15 8 14 8 14 8 14 8 13 8 13 9 13 8 13 8 13 8 13 8 13 8 13 8 13 8 12 7 12 7 12 7 0 0 12 6 12 7 13 6 12 6 12 6 12 5 12 5 12 5 13 5 13 5 13 5 13 4 13 4 13 4 13 4 13 3 14 3 13 3 14 3 13 3 14 3 14 3 14 3 14 2 14 2 14 2 0 0 0 0 0 0 0 0 0 0 ]
CSI_DATA,STA,94:B9:7E:D9:DB:AD,-53,11,1,7,1,1,1,1,0,0,0,-94,1,6,1,168191777,0,110,0,0,168.375,384,[110 96 6 0 0 0 0 0 0 0 0 0 -8 -20 -7 -20 -6 -20 -6 -20 -5 -20 -5 -20 -5 -20 -4 -20 -3 -20 -3 -20 -3 -20 -2 -20 -2 -19 -2 -20 -2 -19 -2 -19 -2 -19 -2 -18 -2 -18 -2 -18 -2 -18 -2 -18 -2 -17 -2 -17 -2 -17 -2 -17 0 0 -3 -17 -4 -17 -4 -16 -4 -16 -4 -15 -4 -16 -4 -16 -5 -16 -5 -16 -6 -15 -6 -15 -6 -15 -6 -15 -7 -15 -7 -15 -7 -15 -7 -14 -8 -14 -8 -14 -9 -14 -9 -14 -9 -14 -9 -14 -9 -13 -10 -14 -10 -14 0 0 0 0 0 0 0 0 0 0 ]
CSI_DATA,STA,94:B9:7E:D9:DB:AD,-53,11,1,7,1,1,1,1,0,0,0,-94,1,6,1,169191079,0,110,0,0,169.375,384,[110 96 6 0 0 0 0 0 0 0 0 0 -11 14 -11 14 -12 14 -13 13 -13 13 -13 13 -13 12 -13 12 -14 12 -14 11 -14 10 -14 10 -14 10 -14 10 -14 10 -14 10 -13 10 -13 9 -13 9 -13 9 -13 9 -13 9 -12 9 -12 8 -12 9 -12 9 0 0 -11 9 -11 9 -11 9 -11 9 -10 9 -10 10 -10 10 -10 10 -9 10 -9 10 -10 10 -9 11 -9 11 -9 11 -8 11 -8 11 -8 11 -8 12 -7 12 -7 12 -7 13 -7 12 -7 12 -7 12 -7 12 -6 13 0 0 0 0 0 0 0 0 0 0 ]
CSI_DATA,STA,94:B9:7E:D9:DB:AD,-52,11,1,7,1,1,1,1,0,0,0,-94,1,6,1,170190140,0,110,0,0,170.374,384,[110 96 6 0 0 0 0 0 0 0 0 0 -18 5 -18 4 -19 4 -19 3 -19 3 -18 3 -18 2 -18 2 -19 1 -18 1 -18 0 -18 0 -18 0 -18 0 -18 0 -17 0 -17 0 -17 0 -17 0 -16 0 -16 0 -17 0 -16 0 -16 0 -16 0 -16 0 0 0 -15 1 -15 1 -15 1 -15 2 -15 1 -15 2 -15 2 -15 2 -14 3 -14 3 -15 3 -14 4 -14 4 -14 4 -14 4 -14 5 -14 5 -14 5 -14 5 -14 6 -14 6 -14 6 -14 6 -14 6 -14 7 -13 7 0 0 0 0 0 0 0 0 0 0 ]
CSI_DATA,STA,94:B9:7E:D9:DB:AD,-52,11,1,7,1,1,1,1,0,0,0,-94,1,6,1,171192649,0,110,0,0,171.376,384,[110 96 6 0 0 0 0 0 0 0 0 0 -18 6 -18 5 -18 5 -18 4 -19 4 -18 3 -18 3 -18 2 -18 2 -18 2 -18 1 -18 1 -18 1 -18 1 -18 1 -17 1 -17 0 -17 1 -17 1 -17 1 -17 1 -16 1 -16 1 -16 1 -16 1 -16 1 0 0 -15 2 -15 2 -15 2 -15 2 -15 3 -15 3 -15 3 -15 3 -14 4 -14 4 -14 4 -14 4 -14 4 -14 5 -14 5 -14 5 -13 6 -13 6 -13 6 -13 6 -13 7 -13 7 -13 7 -13 7 -13 8 -13 8 0 0 0 0 0 0 0 0 0 0 ]
