type,role,mac,rssi,rate,sig_mode,mcs,bandwidth,smoothing,not_sounding,aggregation,stbc,fec_coding,sgi,noise_floor,ampdu_cnt,channel,secondary_channel,local_timestamp,ant,sig_len,rx_state,real_time_set,real_timestamp,len,CSI_DATA
CSI_DATA,STA,94:B9:7E:D9:DB:AD,-42,11,0,0,0,0,0,0,0,0,0,-97,0,6,1,40031,0,131,0,0,0.223056,128,[-125 48 8 0 0 0 0 0 0 0 0 0 21 -16 21 -15 23 -15 22 -14 23 -14 22 -12 22 -12 23 -11 23 -11 24 -10 23 -10 24 -9 23 -9 23 -9 22 -9 23 -10 21 -8 22 -9 21 -8 21 -8 21 -8 21 -9 20 -8 20 -9 21 -9 21 -9 0 0 19 -10 20 -10 19 -10 18 -11 17 -10 18 -11 18 -11 17 -11 18 -12 18 -12 17 -13 17 -12 17 -13 17 -13 17 -13 16 -14 17 -15 16 -14 16 -14 16 -15 16 -15 15 -16 16 -16 15 -16 15 -16 15 -16 0 0 0 0 0 0 0 0 0 0 ]
CSI_DATA,STA,94:B9:7E:D9:DB:AD,-52,11,1,7,1,1,1,0,0,0,0,-97,0,6,1,42921,0,135,0,0,0.229091,384,[-121 112 8 0 0 0 0 0 0 0 0 0 -11 17 -12 16 -12 16 -13 15 -13 16 -13 15 -13 15 -14 14 -14 15 -15 13 -15 13 -15 12 -15 12 -15 12 -15 12 -15 12 -14 12 -14 12 -14 11 -14 12 -14 11 -13 11 -14 11 -13 11 -13 11 -13 11 0 0 -12 11 -12 11 -12 11 -11 12 -11 11 -11 12 -11 12 -10 12 -10 12 -10 12 -10 12 -10 12 -9 13 -9 13 -9 13 -8 13 -8 13 -8 14 -8 14 -8 14 -8 14 -8 14 -8 14 -7 15 -7 14 -7 15 0 0 0 0 0 0 0 0 0 0 ]
CSI_DATA,STA,94:B9:7E:D9:DB:AD,-52,11,1,7,1,1,1,0,0,0,0,-97,0,6,1,69581,0,239,0,0,0.252117,384,[-17 -16 14 0 0 0 0 0 0 0 0 0 -20 -5 -20 -7 -20 -7 -20 -8 -20 -8 -19 -9 -19 -9 -18 -10 -18 -10 -18 -10 -18 -11 -18 -11 -17 -11 -17 -11 -16 -11 -16 -11 -16 -11 -16 -11 -16 -11 -15 -11 -16 -11 -15 -11 -15 -10 -15 -10 -15 -10 -15 -10 0 0 -15 -10 -15 -9 -14 -8 -15 -8 -15 -8 -15 -8 -15 -8 -15 -8 -15 -7 -16 -7 -15 -7 -16 -6 -16 -6 -16 -6 -16 -6 -16 -6 -16 -5 -16 -5 -16 -5 -16 -5 -16 -5 -16 -5 -17 -4 -17 -4 -17 -4 -17 -3 0 0 0 0 0 0 0 0 0 0 ]
CSI_DATA,STA,94:B9:7E:D9:DB:AD,-54,11,1,7,1,1,1,0,0,0,0,-96,0,6,1,1022415,0,82,0,0,1.20521,384,[82 -96 4 0 0 0 0 0 0 0 0 0 -12 -16 -12 -16 -11 -17 -10 -16 -10 -17 -9 -17 -9 -17 -9 -17 -8 -17 -8 -18 -7 -18 -7 -18 -7 -17 -6 -18 -6 -17 -6 -17 -6 -16 -6 -16 -5 -16 -6 -17 -6 -16 -6 -16 -6 -16 -6 -16 -6 -16 -6 -15 0 0 -6 -15 -7 -15 -6 -15 -7 -15 -7 -14 -7 -14 -7 -14 -7 -14 -7 -14 -8 -14 -8 -13 -8 -13 -8 -13 -8 -13 -9 -13 -9 -13 -9 -13 -10 -13 -9 -12 -10 -13 -10 -13 -11 -12 -10 -12 -10 -12 -10 -13 -11 -12 0 0 0 0 0 0 0 0 0 0 ]
CSI_DATA,STA,94:B9:7E:D9:DB:AD,-44,11,0,0,0,0,0,0,0,0,0,-96,0,6,1,1022522,0,37,0,0,1.21153,128,[37 80 2 0 0 0 0 0 0 0 0 0 -23 15 -24 14 -25 14 -25 14 -25 13 -25 11 -26 10 -26 9 -26 9 -26 8 -26 9 -27 8 -26 8 -26 7 -25 7 -26 7 -25 6 -24 6 -24 6 -24 6 -24 5 -24 6 -23 5 -23 6 -24 7 -23 6 0 0 -23 6 -23 7 -22 8 -22 8 -21 7 -22 8 -22 8 -22 8 -22 9 -22 8 -21 10 -21 10 -21 10 -21 10 -21 10 -21 11 -21 11 -21 11 -20 11 -21 11 -21 11 -21 12 -21 12 -21 13 -20 13 -21 13 0 0 0 0 0 0 0 0 0 0 ]
CSI_DATA,STA,94:B9:7E:D9:DB:AD,-44,11,0,0,0,0,0,0,0,0,0,-96,0,6,1,1054486,0,37,0,0,1.23699,128,[37 80 2 0 0 0 0 0 0 0 0 0 -10 -24 -9 -24 -9 -26 -8 -25 -8 -25 -6 -24 -5 -25 -5 -25 -4 -25 -3 -25 -4 -25 -3 -25 -3 -25 -3 -24 -2 -24 -3 -25 -2 -23 -2 -23 -2 -22 -2 -23 -2 -23 -2 -23 -2 -22 -3 -22 -3 -23 -3 -22 0 0 -3 -22 -4 -22 -4 -21 -4 -22 -4 -21 -4 -21 -5 -21 -5 -21 -5 -21 -5 -22 -6 -21 -6 -20 -7 -20 -7 -21 -7 -21 -7 -21 -7 -21 -7 -21 -7 -20 -8 -21 -8 -21 -8 -21 -8 -21 -9 -21 -9 -21 -9 -20 0 0 0 0 0 0 0 0 0 0 ]
CSI_DATA,STA,94:B9:7E:D9:DB:AD,-53,11,1,7,1,1,1,1,0,0,0,-96,1,6,1,1058651,0,110,0,0,1.24289,384,[110 96 6 0 0 0 0 0 0 0 0 0 19 -3 19 -2 19 -2 19 -1 19 0 19 0 19 0 19 1 19 1 19 2 18 2 18 2 18 3 18 3 18 3 17 3 17 3 17 3 17 3 17 3 16 3 16 2 16 3 16 2 16 2 16 2 0 0 15 1 16 1 15 1 15 1 15 0 15 0 15 0 15 0 15 0 15 -1 15 -1 15 -1 15 -1 15 -2 15 -2 15 -2 16 -2 15 -3 15 -3 15 -3 16 -3 15 -4 15 -4 15 -4 15 -4 15 -4 0 0 0 0 0 0 0 0 0 0 ]
CSI_DATA,STA,94:B9:7E:D9:DB:AD,-53,11,1,7,1,1,1,1,0,0,0,-96,1,6,1,2022131,0,110,0,0,2.20476,384,[110 96 6 0 0 0 0 0 0 0 0 0 4 -23 5 -23 6 -22 7 -22 7 -22 7 -22 8 -21 8 -21 9 -21 9 -20 9 -20 9 -20 10 -19 10 -19 10 -18 10 -18 10 -18 10 -17 10 -17 10 -17 10 -17 9 -17 8 -17 9 -16 9 -16 8 -16 0 0 8 -16 8 -16 7 -16 7 -16 7 -16 7 -16 7 -16 6 -16 6 -17 5 -16 5 -17 5 -17 5 -16 4 -17 4 -17 4 -17 4 -17 3 -17 3 -18 3 -18 2 -18 3 -18 2 -18 2 -18 2 -18 2 -18 0 0 0 0 0 0 0 0 0 0 ]
CSI_DATA,STA,94:B9:7E:D9:DB:AD,-53,11,1,7,1,1,1,1,0,0,0,-96,1,6,1,3022805,0,110,0,0,3.20541,384,[110 96 6 0 0 0 0 0 0 0 0 0 -16 13 -16 12 -17 12 -17 11 -17 11 -16 10 -17 10 -18 10 -18 9 -19 9 -18 9 -18 7 -19 7 -18 7 -17 7 -18 7 -17 6 -17 7 -16 7 -16 7 -17 7 -16 6 -15 6 -16 6 -16 7 -15 6 0 0 -15 7 -15 7 -15 7 -15 8 -13 7 -14 8 -14 8 -14 8 -13 8 -13 8 -13 9 -13 9 -13 9 -13 9 -12 9 -12 10 -12 10 -11 10 -12 11 -12 11 -12 11 -12 11 -12 11 -11 11 -11 11 -11 12 0 0 0 0 0 0 0 0 0 0 ]
CSI_DATA,STA,94:B9:7E:D9:DB:AD,-53,11,1,7,1,1,1,1,0,0,0,-96,1,6,1,4024125,0,110,0,0,4.20671,384,[110 96 6 0 0 0 0 0 0 0 0 0 18 8 17 8 17 9 17 10 17 10 16 10 16 11 16 11 15 12 15 12 15 12 14 12 14 12 14 12 13 12 13 12 13 12 13 12 12 11 12 12 12 12 12 12 12 11 12 11 12 11 12 11 0 0 12 10 12 10 12 10 12 9 12 9 12 9 12 9 12 9 13 9 13 9 13 8 13 7 13 7 13 8 13 7 13 7 14 7 13 6 14 6 14 6 14 7 14 6 15 6 14 6 14 6 14 5 0 0 0 0 0 0 0 0 0 0 ]
CSI_DATA,STA,94:B9:7E:D9:DB:AD,-53,11,1,7,1,1,1,1,0,0,0,-96,1,6,1,5024568,0,110,0,0,5.20721,384,[110 96 6 0 0 0 0 0 0 0 0 0 19 4 19 4 19 5 18 6 19 6 18 6 18 7 17 7 18 7 17 9 16 9 16 9 16 9 16 9 16 8 16 9 15 8 15 8 15 8 15 8 15 8 15 7 14 8 14 8 14 8 13 8 0 0 14 7 14 7 14 6 14 6 14 6 14 5 14 5 14 5 14 5 14 5 14 5 14 4 14 4 15 4 15 3 15 3 15 3 15 3 15 2 15 2 16 2 15 2 16 2 15 1 15 2 16 1 0 0 0 0 0 0 0 0 0 0 ]
CSI_DATA,STA,94:B9:7E:D9:DB:AD,-53,11,1,7,1,1,1,1,0,0,0,-96,1,6,1,6029984,0,110,0,0,6.21256,384,[110 96 6 0 0 0 0 0 0 0 0 0 -8 17 -10 18 -10 17 -11 17 -11 16 -11 17 -12 16 -12 15 -11 15 -12 15 -12 15 -12 14 -13 14 -13 13 -13 13 -12 13 -12 13 -12 13 -13 13 -12 13 -12 13 -12 12 -11 12 -11 12 -11 12 -11 13 0 0 -10 12 -10 12 -10 13 -9 12 -9 13 -9 13 -9 13 -9 13 -8 13 -7 13 -8 13 -8 14 -7 13 -7 14 -7 14 -6 14 -6 14 -6 15 -5 14 -5 14 -5 15 -6 14 -5 15 -5 15 -5 15 -4 15 0 0 0 0 0 0 0 0 0 0 ]
CSI_DATA,STA,94:B9:7E:D9:DB:AD,-53,11,1,7,1,1,1,1,0,0,0,-96,1,6,1,7026864,0,110,0,0,7.20943,384,[110 96 6 0 0 0 0 0 0 0 0 0 5 -20 5 -19 6 -20 7 -18 7 -19 7 -18 8 -18 8 -18 8 -19 9 -18 9 -17 9 -18 10 -17 10 -17 9 -16 9 -16 9 -15 9 -16 9 -15 9 -15 9 -15 9 -15 8 -16 9 -15 8 -15 8 -14 0 0 7 -15 7 -15 7 -14 6 -16 6 -14 6 -15 6 -15 6 -15 5 -15 5 -16 5 -15 5 -15 4 -15 4 -15 4 -16 3 -16 4 -16 3 -16 3 -16 2 -16 2 -17 2 -16 2 -17 2 -16 1 -17 1 -16 0 0 0 0 0 0 0 0 0 0 ]
CSI_DATA,STA,94:B9:7E:D9:DB:AD,-53,11,1,7,1,1,1,1,0,0,0,-96,1,6,1,8030174,0,110,0,0,8.21276,384,[110 96 6 0 0 0 0 0 0 0 0 0 19 5 18 5 18 6 18 7 18 7 18 7 17 8 17 8 17 9 17 9 16 8 16 9 16 9 16 10 15 10 15 10 15 9 15 9 14 9 15 9 14 9 14 9 14 8 14 8 14 8 14 7 0 0 14 7 14 7 14 7 14 7 14 6 14 6 14 6 14 5 14 5 14 5 14 5 14 4 15 4 15 4 15 3 15 3 15 3 15 3 15 3 15 3 15 3 15 2 16 2 15 2 15 1 15 1 0 0 0 0 0 0 0 0 0 0 ]
CSI_DATA,STA,94:B9:7E:D9:DB:AD,-54,11,1,7,1,1,1,1,0,0,0,-95,1,6,1,9029473,0,110,0,0,9.21211,384,[110 96 6 0 0 0 0 0 0 0 0 0 -20 -4 -21 -4 -20 -5 -20 -6 -20 -6 -20 -7 -19 -7 -19 -7 -19 -8 -18 -8 -18 -8 -18 -8 -18 -9 -17 -9 -18 -9 -16 -9 -17 -9 -16 -8 -16 -9 -16 -9 -16 -9 -16 -8 -16 -8 -15 -8 -16 -8 -16 -8 0 0 -15 -7 -15 -7 -15 -7 -15 -6 -15 -6 -16 -6 -15 -6 -16 -6 -15 -5 -15 -5 -15 -5 -16 -4 -16 -4 -16 -4 -15 -4 -17 -4 -15 -3 -17 -3 -16 -3 -16 -3 -16 -3 -16 -3 -16 -2 -16 -2 -16 -2 -17 -2 0 0 0 0 0 0 0 0 0 0 ]
CSI_DATA,STA,94:B9:7E:D9:DB:AD,-54,11,1,7,1,1,1,1,0,0,0,-95,1,6,1,10036257,0,110,0,0,10.2188,384,[110 96 6 0 0 0 0 0 0 0 0 0 -15 13 -15 13 -17 13 -16 12 -17 12 -16 11 -17 11 -17 10 -17 10 -18 10 -17 9 -18 8 -17 8 -18 8 -17 8 -18 8 -17 8 -17 8 -17 7 -16 7 -16 7 -16 7 -16 7 -16 7 -15 6 -15 7 0 0 -15 7 -15 7 -15 7 -15 8 -14 8 -14 8 -14 8 -14 8 -13 8 -13 9 -13 9 -13 9 -13 9 -13 9 -12 10 -12 9 -13 10 -12 10 -11 10 -12 10 -12 11 -12 11 -12 11 -11 11 -12 11 -11 11 0 0 0 0 0 0 0 0 0 0 ]
CSI_DATA,STA,94:B9:7E:D9:DB:AD,-54,11,1,6,1,1,1,1,0,0,0,-95,1,6,1,11035218,0,110,0,0,11.2178,384,[110 96 6 0 0 0 0 0 0 0 0 0 -7 16 -7 16 -8 16 -9 16 -9 16 -9 15 -9 15 -9 15 -10 14 -10 14 -10 14 -11 14 -11 14 -11 13 -11 13 -11 13 -10 13 -10 13 -11 12 -10 12 -10 12 -10 12 -10 12 -10 12 -10 12 -9 12 0 0 -9 12 -9 12 -9 12 -8 12 -7 12 -7 12 -7 12 -7 12 -7 13 -7 13 -6 13 -6 13 -6 13 -6 13 -5 13 -5 13 -5 13 -4 13 -4 14 -4 14 -4 14 -4 14 -4 14 -3 14 -3 14 -3 15 0 0 0 0 0 0 0 0 0 0 ]
CSI_DATA,STA,94:B9:7E:D9:DB:AD,-54,11,1,7,1,1,1,1,0,0,0,-95,1,6,1,12031904,0,110,0,0,12.2145,384,[110 96 6 0 0 0 0 0 0 0 0 0 17 10 16 11 16 11 15 12 15 13 15 12 14 13 14 13 14 13 13 14 13 13 12 14 12 14 12 14 12 13 11 14 11 14 11 13 10 13 11 13 11 13 11 13 10 13 10 12 11 12 10 12 0 0 11 11 11 12 11 11 11 10 11 10 11 10 11 10 11 10 12 10 12 9 12 9 12 9 12 9 12 9 13 8 13 8 13 8 13 8 13 8 13 7 14 7 13 7 14 7 14 7 14 6 14 6 0 0 0 0 0 0 0 0 0 0 ]
CSI_DATA,STA,94:B9:7E:D9:DB:AD,-54,11,1,6,1,1,1,1,0,0,0,-95,1,6,1,13035257,0,110,0,0,13.2178,384,[110 96 6 0 0 0 0 0 0 0 0 0 7 -17 8 -17 8 -17 9 -16 9 -16 9 -15 10 -15 10 -15 11 -15 11 -14 11 -14 11 -14 11 -13 11 -13 11 -13 11 -13 11 -12 11 -12 11 -12 11 -12 11 -11 11 -12 11 -12 10 -12 10 -12 10 -11 0 0 10 -12 10 -12 9 -12 9 -12 9 -12 9 -12 9 -12 9 -12 8 -12 7 -13 7 -13 7 -13 7 -13 7 -13 7 -13 6 -13 7 -14 6 -13 6 -14 6 -14 6 -14 6 -14 6 -14 6 -14 6 -15 5 -14 0 0 0 0 0 0 0 0 0 0 ]
CSI_DATA,STA,94:B9:7E:D9:DB:AD,-54,11,1,6,1,1,1,1,0,0,0,-95,1,6,1,14032155,0,110,0,0,14.2147,384,[110 96 6 0 0 0 0 0 0 0 0 0 9 15 8 15 8 16 7 16 7 16 7 16 6 16 6 16 6 16 5 16 4 17 4 17 3 16 3 16 4 16 4 16 4 16 4 15 3 15 4 15 3 15 4 15 3 15 3 14 3 15 3 14 0 0 4 13 4 14 5 13 5 13 5 13 5 13 5 13 5 13 6 13 6 13 6 13 6 13 7 12 7 12 7 12 8 12 8 12 8 11 8 12 8 12 8 12 8 12 9 12 9 12 9 11 9 11 0 0 0 0 0 0 0 0 0 0 ]
CSI_DATA,STA,94:B9:7E:D9:DB:AD,-54,11,1,7,1,1,1,1,0,0,0,-95,1,6,1,15035940,0,110,0,0,15.2185,384,[110 96 6 0 0 0 0 0 0 0 0 0 17 -10 17 -9 18 -9 19 -8 18 -8 18 -7 18 -7 18 -6 19 -6 18 -6 18 -5 18 -5 18 -5 18 -5 18 -5 17 -4 18 -4 17 -4 18 -4 17 -4 17 -4 16 -3 16 -4 16 -4 16 -4 16 -4 0 0 15 -4 15 -4 15 -4 15 -5 14 -5 15 -5 14 -5 14 -6 14 -6 14 -6 14 -7 14 -7 14 -7 14 -7 14 -7 14 -7 14 -8 14 -8 14 -8 13 -8 13 -9 13 -9 13 -9 13 -9 13 -9 12 -10 0 0 0 0 0 0 0 0 0 0 ]
CSI_DATA,STA,94:B9:7E:D9:DB:AD,-54,11,1,7,1,1,1,1,0,0,0,-95,1,6,1,16037363,0,110,0,0,16.2199,384,[110 96 6 0 0 0 0 0 0 0 0 0 -3 -21 -3 -20 -1 -21 -1 -20 0 -21 -1 -20 0 -20 0 -20 1 -20 1 -20 2 -20 2 -20 2 -19 2 -20 2 -19 3 -19 2 -19 2 -18 2 -18 2 -18 2 -18 2 -18 1 -18 2 -17 2 -17 1 -17 0 0 1 -17 1 -17 1 -17 0 -17 0 -16 0 -17 0 -16 -1 -16 -1 -16 -2 -16 -2 -16 -2 -16 -3 -16 -3 -16 -3 -16 -3 -16 -4 -16 -4 -16 -4 -16 -5 -16 -5 -16 -5 -16 -5 -16 -5 -16 -6 -15 -6 -15 0 0 0 0 0 0 0 0 0 0 ]
CSI_DATA,STA,94:B9:7E:D9:DB:AD,-54,11,1,7,1,1,1,1,0,0,0,-95,1,6,1,17036167,0,110,0,0,17.2187,384,[110 96 6 0 0 0 0 0 0 0 0 0 1 20 1 20 0 20 -1 19 -1 20 -1 19 -2 19 -3 19 -3 19 -4 19 -4 18 -4 19 -4 18 -4 18 -4 18 -4 18 -4 17 -4 18 -5 17 -4 17 -4 17 -4 16 -4 17 -4 16 -4 16 -3 16 0 0 -3 16 -2 16 -2 15 -2 15 -2 15 -2 15 -2 15 -1 15 -1 15 -1 15 0 15 0 15 0 15 1 15 1 15 1 15 2 15 2 15 2 15 2 15 2 15 2 15 3 15 3 15 3 15 4 15 0 0 0 0 0 0 0 0 0 0 ]
CSI_DATA,STA,94:B9:7E:D9:DB:AD,-54,11,1,7,1,1,1,1,0,0,0,-95,1,6,1,18039416,0,110,0,0,18.222,384,[110 96 6 0 0 0 0 0 0 0 0 0 -20 -7 -19 -8 -19 -9 -19 -9 -19 -10 -18 -9 -18 -10 -17 -10 -18 -11 -17 -11 -17 -11 -17 -11 -16 -11 -16 -11 -16 -11 -15 -11 -15 -11 -15 -11 -15 -11 -15 -10 -15 -11 -14 -11 -15 -10 -14 -10 -15 -10 -14 -10 0 0 -14 -9 -15 -9 -14 -8 -14 -8 -14 -8 -14 -8 -14 -8 -15 -7 -15 -7 -15 -7 -15 -6 -15 -6 -16 -6 -15 -6 -15 -6 -16 -5 -15 -5 -15 -5 -16 -5 -16 -4 -16 -4 -17 -4 -16 -4 -16 -4 -16 -3 -16 -3 0 0 0 0 0 0 0 0 0 0 ]
CSI_DATA,STA,94:B9:7E:D9:DB:AD,-54,11,1,7,1,1,1,1,0,0,0,-95,1,6,1,19037874,0,110,0,0,19.2204,384,[110 96 6 0 0 0 0 0 0 0 0 0 -17 -13 -16 -13 -16 -14 -15 -14 -15 -15 -14 -15 -14 -15 -13 -15 -13 -16 -13 -16 -12 -16 -11 -16 -11 -16 -11 -16 -11 -16 -11 -16 -11 -16 -11 -15 -10 -15 -10 -15 -10 -15 -10 -15 -10 -14 -10 -14 -10 -14 -10 -14 0 0 -11 -13 -11 -13 -10 -13 -11 -13 -11 -12 -11 -12 -11 -12 -12 -12 -12 -11 -13 -11 -12 -11 -12 -10 -12 -11 -12 -10 -13 -10 -13 -10 -13 -10 -13 -10 -14 -9 -14 -9 -14 -9 -14 -9 -14 -9 -14 -9 -14 -8 -14 -8 0 0 0 0 0 0 0 0 0 0 ]
CSI_DATA,STA,94:B9:7E:D9:DB:AD,-54,11,1,7,1,1,1,1,0,0,0,-95,1,6,1,20044695,0,110,0,0,20.2273,384,[110 96 6 0 0 0 0 0 0 0 0 0 1 21 0 21 0 22 -1 22 -1 21 -1 21 -1 21 -2 21 -2 21 -4 21 -4 20 -4 20 -5 20 -5 20 -5 20 -4 19 -4 19 -4 19 -4 18 -3 19 -4 18 -3 18 -3 18 -4 17 -4 18 -3 18 0 0 -2 17 -2 17 -2 17 -1 17 -2 17 -1 17 -1 16 0 17 1 17 0 17 0 17 0 17 1 17 1 16 2 17 2 16 2 17 3 16 4 17 4 17 4 17 4 16 4 16 3 17 4 17 5 16 0 0 0 0 0 0 0 0 0 0 ]
CSI_DATA,STA,94:B9:7E:D9:DB:AD,-54,11,1,7,1,1,1,1,0,0,0,-95,1,6,1,21039595,0,110,0,0,21.2221,384,[110 96 6 0 0 0 0 0 0 0 0 0 -16 12 -16 11 -17 11 -18 11 -18 10 -18 10 -18 9 -18 9 -18 8 -18 8 -18 8 -18 7 -18 7 -18 7 -18 7 -17 6 -17 7 -16 6 -17 6 -17 6 -17 6 -16 6 -16 6 -16 6 -16 7 -16 6 0 0 -15 7 -15 7 -15 7 -14 7 -14 7 -14 8 -14 8 -14 8 -13 8 -13 9 -13 9 -13 9 -13 9 -13 9 -12 10 -12 10 -12 10 -12 10 -12 10 -11 10 -12 11 -12 11 -11 11 -11 12 -11 12 -11 12 0 0 0 0 0 0 0 0 0 0 ]
CSI_DATA,STA,94:B9:7E:D9:DB:AD,-54,11,1,7,1,1,1,1,0,0,0,-95,1,6,1,22040717,0,110,0,0,22.2233,384,[110 96 6 0 0 0 0 0 0 0 0 0 16 -12 16 -11 17 -11 17 -10 18 -10 17 -9 17 -9 18 -9 18 -8 18 -8 18 -7 18 -7 17 -6 18 -6 17 -6 17 -6 17 -5 17 -6 16 -5 16 -6 16 -6 16 -6 16 -6 16 -5 15 -5 15 -6 0 0 15 -6 15 -6 14 -6 14 -6 14 -6 14 -7 14 -7 13 -7 13 -7 13 -8 13 -8 13 -8 13 -8 13 -8 13 -9 12 -9 13 -9 12 -9 12 -10 12 -10 12 -10 12 -10 12 -10 12 -11 12 -11 11 -11 0 0 0 0 0 0 0 0 0 0 ]
CSI_DATA,STA,94:B9:7E:D9:DB:AD,-54,11,1,7,1,1,1,1,0,0,0,-95,1,6,1,23041580,0,110,0,0,23.2241,384,[110 96 6 0 0 0 0 0 0 0 0 0 14 -15 14 -14 15 -14 15 -13 16 -13 15 -13 15 -12 16 -11 16 -11 16 -11 16 -10 16 -10 17 -10 16 -9 16 -9 16 -9 15 -9 15 -9 15 -9 16 -8 15 -8 15 -9 15 -8 15 -8 14 -8 14 -8 0 0 14 -9 14 -9 13 -8 13 -9 12 -9 13 -9 13 -9 13 -10 12 -10 12 -10 12 -10 12 -10 12 -10 11 -10 11 -11 10 -11 11 -12 11 -11 11 -12 10 -12 10 -12 10 -12 10 -12 10 -12 10 -12 10 -13 0 0 0 0 0 0 0 0 0 0 ]
CSI_DATA,STA,94:B9:7E:D9:DB:AD,-54,11,1,7,1,1,1,1,0,0,0,-95,1,6,1,24047232,0,110,0,0,24.2298,384,[110 96 6 0 0 0 0 0 0 0 0 0 6 19 6 19 5 19 4 19 4 19 3 19 3 19 2 19 2 19 1 19 1 19 1 19 1 18 0 18 0 18 0 18 0 18 1 17 0 17 0 17 0 17 0 16 0 16 0 16 1 16 1 16 0 0 1 16 1 15 2 15 2 15 2 15 2 15 3 15 3 15 3 15 3 15 4 15 4 14 4 14 4 14 5 14 5 14 5 14 6 14 6 15 6 14 6 14 6 14 7 14 7 13 7 13 8 13 0 0 0 0 0 0 0 0 0 0 ]
CSI_DATA,STA,94:B9:7E:D9:DB:AD,-54,11,1,7,1,1,1,1,0,0,0,-95,1,6,1,25047649,0,110,0,0,25.2302,384,[110 96 6 0 0 0 0 0 0 0 0 0 15 -14 15 -13 16 -13 16 -12 16 -12 16 -12 16 -11 16 -10 17 -10 17 -10 17 -9 17 -9 17 -8 17 -8 17 -8 17 -8 16 -8 16 -7 16 -7 16 -7 16 -7 15 -8 15 -7 15 -7 15 -7 15 -7 0 0 14 -7 15 -7 14 -7 13 -8 13 -8 14 -8 13 -8 13 -9 12 -8 13 -9 13 -9 12 -9 12 -9 12 -10 12 -10 12 -10 12 -11 11 -11 11 -11 11 -11 11 -11 11 -12 11 -12 11 -12 11 -12 10 -12 0 0 0 0 0 0 0 0 0 0 ]
CSI_DATA,STA,94:B9:7E:D9:DB:AD,-54,11,1,7,1,1,1,1,0,0,0,-95,1,6,1,26047113,0,110,0,0,26.2297,384,[110 96 6 0 0 0 0 0 0 0 0 0 -18 9 -19 8 -19 7 -20 7 -20 6 -19 6 -19 5 -20 4 -20 4 -20 4 -20 3 -20 3 -19 3 -19 3 -19 2 -19 3 -18 2 -18 2 -18 2 -18 2 -18 2 -18 2 -17 2 -17 2 -18 2 -17 2 0 0 -17 2 -16 3 -16 3 -16 3 -16 3 -16 3 -16 3 -16 3 -15 4 -15 4 -15 5 -15 5 -15 5 -15 5 -15 6 -15 6 -15 6 -15 6 -14 6 -15 7 -14 7 -14 7 -14 7 -14 7 -15 7 -14 8 0 0 0 0 0 0 0 0 0 0 ]
CSI_DATA,STA,94:B9:7E:D9:DB:AD,-54,11,1,7,1,1,1,1,0,0,0,-95,1,6,1,27050128,0,110,0,0,27.2327,384,[110 96 6 0 0 0 0 0 0 0 0 0 -4 19 -5 19 -6 19 -7 19 -7 19 -7 18 -7 18 -8 18 -8 18 -9 17 -9 17 -10 17 -10 16 -10 16 -10 16 -9 15 -10 16 -9 15 -9 15 -9 15 -9 15 -9 15 -8 15 -8 14 -8 15 -8 14 0 0 -7 15 -8 14 -8 14 -7 14 -7 14 -6 14 -6 14 -5 14 -5 14 -5 14 -5 14 -5 15 -5 15 -4 15 -4 15 -4 15 -3 15 -3 15 -3 15 -3 15 -2 15 -3 15 -2 15 -2 15 -2 15 -1 15 0 0 0 0 0 0 0 0 0 0 ]
CSI_DATA,STA,94:B9:7E:D9:DB:AD,-54,11,1,7,1,1,1,1,0,0,0,-95,1,6,1,28049481,0,110,0,0,28.2321,384,[110 96 6 0 0 0 0 0 0 0 0 0 -5 19 -6 19 -7 19 -7 18 -7 18 -8 18 -8 18 -8 17 -8 18 -9 17 -9 17 -10 17 -10 16 -10 16 -10 16 -10 16 -9 15 -9 15 -9 15 -9 15 -9 15 -9 15 -9 15 -8 15 -8 14 -8 14 0 0 -7 14 -7 14 -7 14 -7 14 -6 14 -6 14 -6 14 -5 14 -5 14 -5 14 -5 15 -4 15 -4 15 -4 15 -4 15 -3 15 -3 15 -2 15 -3 15 -2 15 -2 15 -2 15 -1 15 -1 15 -1 16 -1 16 0 0 0 0 0 0 0 0 0 0 ]
CSI_DATA,STA,94:B9:7E:D9:DB:AD,-54,11,1,7,1,1,1,1,0,0,0,-95,1,6,1,29066235,0,110,0,0,29.2488,384,[110 96 6 0 0 0 0 0 0 0 0 0 -3 -20 -2 -21 -1 -21 0 -21 0 -20 0 -20 1 -20 1 -20 2 -20 2 -20 2 -20 3 -20 3 -20 3 -19 3 -19 3 -19 3 -18 3 -18 3 -18 4 -18 3 -17 3 -18 3 -17 3 -17 3 -17 3 -17 0 0 2 -17 2 -16 2 -16 1 -16 1 -16 1 -16 1 -16 1 -16 0 -16 0 -16 -1 -16 0 -16 0 -16 -1 -16 -1 -16 -2 -16 -1 -16 -2 -16 -2 -16 -2 -16 -3 -16 -3 -16 -3 -17 -3 -16 -3 -17 -4 -16 0 0 0 0 0 0 0 0 0 0 ]
CSI_DATA,STA,94:B9:7E:D9:DB:AD,-54,11,1,7,1,1,1,1,0,0,0,-95,1,6,1,30049469,0,110,0,0,30.232,384,[110 96 6 0 0 0 0 0 0 0 0 0 -18 10 -17 9 -19 9 -18 8 -19 8 -18 7 -19 7 -19 6 -19 7 -19 6 -19 4 -19 4 -19 4 -19 3 -19 4 -19 4 -18 3 -18 3 -18 3 -18 4 -17 4 -18 3 -17 3 -17 3 -17 3 -17 3 0 0 -16 4 -16 4 -15 4 -16 4 -15 4 -15 5 -15 5 -15 5 -15 5 -15 6 -15 5 -15 6 -15 6 -14 6 -15 7 -14 7 -14 7 -14 7 -14 8 -14 7 -14 8 -14 8 -14 8 -14 8 -14 8 -14 9 0 0 0 0 0 0 0 0 0 0 ]
CSI_DATA,STA,94:B9:7E:D9:DB:AD,-54,11,1,7,1,1,1,1,0,0,0,-95,1,6,1,31055599,0,110,0,0,31.2382,384,[110 96 6 0 0 0 0 0 0 0 0 0 -18 -10 -17 -11 -17 -12 -17 -13 -17 -12 -16 -13 -16 -13 -16 -13 -15 -14 -14 -14 -14 -14 -14 -14 -14 -14 -14 -14 -14 -14 -13 -14 -13 -14 -13 -13 -12 -13 -13 -13 -13 -13 -12 -13 -13 -13 -12 -12 -13 -13 -12 -12 0 0 -13 -11 -13 -11 -12 -11 -13 -11 -13 -10 -13 -10 -13 -10 -14 -9 -14 -9 -14 -9 -13 -9 -14 -8 -14 -8 -14 -8 -14 -8 -15 -8 -15 -7 -15 -7 -15 -7 -15 -6 -15 -6 -16 -6 -15 -6 -16 -6 -16 -6 -16 -5 0 0 0 0 0 0 0 0 0 0 ]
CSI_DATA,STA,94:B9:7E:D9:DB:AD,-54,11,1,6,1,1,1,1,0,0,0,-95,1,6,1,32051802,0,110,0,0,32.2344,384,[110 96 6 0 0 0 0 0 0 0 0 0 9 -16 10 -15 11 -15 11 -14 11 -14 11 -13 12 -13 12 -13 13 -13 13 -13 13 -12 12 -12 13 -12 13 -12 13 -11 13 -11 13 -11 12 -11 12 -10 12 -10 13 -10 12 -10 12 -10 11 -10 11 -10 11 -10 0 0 11 -10 11 -10 10 -10 10 -10 10 -10 10 -10 10 -10 10 -11 10 -11 9 -12 8 -11 9 -11 9 -12 9 -12 9 -11 8 -12 8 -13 8 -12 8 -12 8 -13 8 -13 8 -13 8 -13 7 -13 7 -13 7 -13 0 0 0 0 0 0 0 0 0 0 ]
CSI_DATA,STA,94:B9:7E:D9:DB:AD,-54,11,1,7,1,1,1,1,0,0,0,-95,1,6,1,33057004,0,110,0,0,33.2396,384,[110 96 6 0 0 0 0 0 0 0 0 0 -15 13 -16 12 -16 12 -17 11 -17 11 -17 11 -17 10 -17 10 -18 9 -17 9 -17 9 -18 9 -17 8 -17 8 -17 8 -17 7 -17 7 -17 7 -16 7 -16 7 -16 7 -17 6 -16 7 -15 7 -16 7 -15 7 0 0 -15 7 -15 7 -15 7 -14 8 -14 8 -14 7 -14 8 -14 8 -13 8 -13 9 -13 9 -13 9 -13 10 -13 9 -13 10 -12 10 -12 10 -11 10 -12 10 -12 10 -11 11 -12 11 -11 11 -11 12 -11 12 -11 12 0 0 0 0 0 0 0 0 0 0 ]
CSI_DATA,STA,94:B9:7E:D9:DB:AD,-54,11,1,6,1,1,1,1,0,0,0,-95,1,6,1,34053790,0,110,0,0,34.2364,384,[110 96 6 0 0 0 0 0 0 0 0 0 -2 -19 -1 -18 0 -19 0 -18 1 -19 0 -18 1 -19 2 -18 2 -18 2 -19 3 -18 3 -18 4 -18 4 -17 3 -17 3 -17 3 -16 3 -17 3 -16 4 -16 4 -16 3 -16 3 -16 3 -15 3 -16 3 -15 0 0 2 -15 2 -15 2 -15 1 -15 1 -15 1 -15 1 -15 0 -15 0 -15 -1 -16 0 -15 0 -15 -1 -15 -1 -15 -1 -16 -1 -15 -2 -16 -2 -15 -2 -15 -3 -15 -3 -15 -3 -15 -3 -16 -3 -15 -4 -15 -4 -15 0 0 0 0 0 0 0 0 0 0 ]
CSI_DATA,STA,94:B9:7E:D9:DB:AD,-54,11,1,6,1,1,1,1,0,0,0,-95,1,6,1,35055454,0,110,0,0,35.238,384,[110 96 6 0 0 0 0 0 0 0 0 0 -1 -19 -1 -18 0 -19 1 -19 1 -19 1 -18 2 -18 3 -18 3 -19 3 -18 3 -18 4 -18 4 -17 4 -17 4 -17 4 -17 5 -16 4 -17 4 -16 5 -16 5 -16 4 -16 4 -16 4 -15 4 -16 3 -15 0 0 3 -15 3 -15 3 -15 2 -15 2 -15 2 -15 2 -15 2 -15 1 -15 1 -15 0 -15 0 -15 1 -15 0 -15 0 -15 -1 -15 0 -16 -1 -15 -1 -15 -2 -16 -2 -16 -1 -16 -2 -16 -2 -15 -2 -16 -2 -15 0 0 0 0 0 0 0 0 0 0 ]
CSI_DATA,STA,94:B9:7E:D9:DB:AD,-54,11,1,7,1,1,1,1,0,0,0,-95,1,6,1,36056084,0,110,0,0,36.2387,384,[110 96 6 0 0 0 0 0 0 0 0 0 -17 11 -17 10 -18 10 -18 9 -19 9 -18 9 -18 8 -18 8 -19 7 -19 7 -18 6 -19 6 -18 5 -19 5 -18 5 -18 5 -17 5 -18 5 -17 5 -17 5 -17 5 -17 5 -17 5 -17 5 -17 5 -16 5 0 0 -16 6 -16 6 -15 6 -15 6 -14 6 -15 6 -14 6 -14 7 -14 7 -14 7 -14 7 -14 8 -14 8 -13 8 -13 8 -13 9 -13 9 -13 9 -12 10 -12 10 -12 10 -13 10 -13 10 -12 10 -12 11 -12 11 0 0 0 0 0 0 0 0 0 0 ]
CSI_DATA,STA,94:B9:7E:D9:DB:AD,-54,11,1,7,1,1,1,1,0,0,0,-95,1,6,1,37059597,0,110,0,0,37.2422,384,[110 96 6 0 0 0 0 0 0 0 0 0 -8 18 -9 18 -10 17 -10 18 -10 17 -10 16 -11 16 -11 16 -12 15 -12 16 -11 15 -12 15 -12 14 -13 14 -12 14 -12 14 -12 14 -11 14 -12 13 -12 13 -11 13 -12 13 -11 13 -11 13 -11 13 -10 13 0 0 -10 13 -10 13 -10 13 -9 13 -9 12 -9 13 -8 13 -8 13 -8 13 -7 13 -8 13 -7 14 -7 14 -7 14 -7 14 -6 14 -6 14 -6 14 -5 15 -5 14 -5 15 -6 15 -5 15 -5 15 -4 15 -4 15 0 0 0 0 0 0 0 0 0 0 ]
CSI_DATA,STA,94:B9:7E:D9:DB:AD,-54,11,1,7,1,1,1,1,0,0,0,-95,1,6,1,38065818,0,110,0,0,38.2484,384,[110 96 6 0 0 0 0 0 0 0 0 0 -7 -19 -7 -20 -5 -20 -5 -20 -5 -20 -4 -20 -4 -20 -3 -20 -3 -20 -3 -19 -3 -19 -2 -19 -2 -19 -1 -19 -2 -19 -1 -19 -1 -19 -1 -18 -1 -18 -1 -18 -1 -18 -1 -18 -1 -17 -2 -17 -2 -17 -2 -17 0 0 -2 -17 -2 -16 -2 -16 -3 -16 -3 -15 -3 -16 -3 -16 -4 -16 -4 -16 -4 -16 -5 -15 -5 -15 -5 -15 -5 -16 -5 -15 -6 -15 -6 -15 -6 -15 -6 -15 -7 -15 -7 -15 -7 -15 -7 -14 -8 -14 -8 -15 -8 -15 0 0 0 0 0 0 0 0 0 0 ]
CSI_DATA,STA,94:B9:7E:D9:DB:AD,-54,11,1,7,1,1,1,1,0,0,0,-95,1,6,1,39062084,0,110,0,0,39.2447,384,[110 96 6 0 0 0 0 0 0 0 0 0 -8 -20 -7 -19 -7 -20 -6 -20 -5 -20 -5 -20 -5 -20 -4 -20 -4 -20 -3 -20 -3 -20 -3 -20 -2 -20 -2 -19 -2 -19 -3 -19 -2 -19 -2 -18 -2 -18 -2 -18 -2 -18 -2 -18 -2 -17 -2 -17 -2 -17 -3 -17 0 0 -3 -17 -3 -16 -4 -16 -4 -16 -4 -16 -4 -16 -4 -16 -5 -16 -5 -15 -6 -16 -6 -15 -6 -15 -6 -15 -7 -15 -7 -15 -7 -15 -7 -15 -8 -15 -8 -15 -8 -14 -9 -14 -9 -14 -8 -14 -9 -14 -9 -14 -9 -14 0 0 0 0 0 0 0 0 0 0 ]
CSI_DATA,STA,94:B9:7E:D9:DB:AD,-54,11,1,7,1,1,1,1,0,0,0,-95,1,6,1,40059609,0,110,0,0,40.2422,384,[110 96 6 0 0 0 0 0 0 0 0 0 -20 1 -20 0 -21 0 -21 -1 -20 -1 -20 -1 -20 -2 -21 -3 -20 -3 -20 -3 -20 -3 -20 -4 -20 -4 -19 -4 -19 -4 -19 -4 -18 -4 -18 -4 -18 -4 -18 -4 -17 -4 -17 -4 -17 -4 -17 -3 -17 -4 -17 -3 0 0 -17 -3 -17 -2 -16 -2 -16 -2 -16 -2 -16 -2 -16 -1 -17 -2 -16 -1 -16 -1 -16 0 -16 0 -16 1 -16 1 -16 1 -16 1 -16 1 -16 2 -16 2 -16 2 -16 3 -16 3 -16 3 -16 3 -16 3 -16 4 0 0 0 0 0 0 0 0 0 0 ]
CSI_DATA,STA,94:B9:7E:D9:DB:AD,-54,11,1,7,1,1,1,1,0,0,0,-95,1,6,1,41061175,0,110,0,0,41.2437,384,[110 96 6 0 0 0 0 0 0 0 0 0 -19 8 -19 7 -19 7 -20 6 -19 6 -20 5 -20 5 -19 4 -20 3 -20 3 -20 3 -20 2 -20 2 -19 2 -19 2 -19 2 -18 2 -18 2 -18 2 -18 2 -18 2 -18 2 -17 1 -17 2 -17 2 -17 2 0 0 -16 2 -16 3 -16 3 -16 3 -16 3 -16 3 -16 4 -16 4 -15 4 -15 4 -15 5 -15 5 -15 5 -15 6 -16 6 -15 6 -14 6 -15 6 -15 7 -14 7 -14 7 -15 7 -14 7 -14 7 -14 8 -14 8 0 0 0 0 0 0 0 0 0 0 ]
CSI_DATA,STA,94:B9:7E:D9:DB:AD,-54,11,1,7,1,1,1,1,0,0,0,-95,1,6,1,42062791,0,110,0,0,42.2454,384,[110 96 6 0 0 0 0 0 0 0 0 0 -9 18 -10 17 -10 17 -11 17 -11 17 -11 16 -11 16 -12 16 -12 15 -12 15 -12 14 -13 15 -13 14 -13 14 -12 14 -13 14 -12 13 -12 13 -12 13 -12 13 -12 13 -12 12 -12 13 -12 12 -12 12 -11 12 0 0 -10 13 -10 12 -10 13 -10 12 -9 12 -9 13 -9 12 -8 13 -8 13 -8 14 -8 13 -8 13 -8 13 -7 14 -7 14 -7 14 -6 14 -6 14 -6 15 -5 14 -5 15 -6 14 -5 15 -5 14 -5 15 -4 15 0 0 0 0 0 0 0 0 0 0 ]
CSI_DATA,STA,94:B9:7E:D9:DB:AD,-54,11,1,7,1,1,1,1,0,0,0,-95,1,6,1,43065699,0,110,0,0,43.2483,384,[110 96 6 0 0 0 0 0 0 0 0 0 14 14 13 14 12 15 12 15 12 16 11 16 11 16 10 16 10 17 9 16 9 16 9 16 8 16 8 16 8 16 8 16 8 15 8 16 8 15 8 15 8 15 8 15 8 15 7 14 7 14 8 14 0 0 9 13 8 14 8 13 9 13 9 12 9 12 9 12 9 12 10 12 10 12 10 11 10 11 10 11 10 11 11 10 11 10 11 10 12 10 12 10 12 9 12 9 12 9 13 9 13 9 13 9 13 8 0 0 0 0 0 0 0 0 0 0 ]
CSI_DATA,STA,94:B9:7E:D9:DB:AD,-54,11,1,7,1,1,1,1,0,0,0,-95,1,6,1,44063092,0,110,0,0,44.2457,384,[110 96 6 0 0 0 0 0 0 0 0 0 -20 3 -20 3 -20 2 -21 1 -20 1 -20 1 -20 1 -20 0 -20 -1 -20 -1 -20 -2 -20 -2 -19 -2 -19 -3 -19 -2 -19 -2 -19 -3 -18 -3 -18 -2 -18 -2 -18 -2 -18 -2 -17 -2 -17 -2 -17 -2 -17 -2 0 0 -17 -1 -17 -1 -17 -1 -16 0 -16 0 -16 0 -16 0 -16 0 -16 1 -16 1 -16 1 -16 2 -16 2 -16 2 -16 2 -16 3 -15 3 -16 3 -16 4 -16 4 -15 4 -16 4 -16 4 -15 4 -15 5 -15 5 0 0 0 0 0 0 0 0 0 0 ]
CSI_DATA,STA,94:B9:7E:D9:DB:AD,-54,11,1,7,1,1,1,1,0,0,0,-95,1,6,1,45063285,0,110,0,0,45.2458,384,[110 96 6 0 0 0 0 0 0 0 0 0 20 -2 19 -1 20 0 19 0 20 0 19 1 19 1 19 2 19 2 19 3 18 4 18 4 17 4 17 5 17 4 18 4 17 4 17 4 16 4 16 4 16 4 16 4 16 4 15 4 15 4 15 3 0 0 15 3 16 2 15 3 16 2 15 2 15 2 15 1 15 1 15 1 15 1 15 1 15 0 15 0 15 0 15 -1 15 -1 16 -1 15 -1 15 -1 15 -2 15 -2 15 -2 16 -2 15 -3 15 -2 15 -3 0 0 0 0 0 0 0 0 0 0 ]
CSI_DATA,STA,94:B9:7E:D9:DB:AD,-54,11,1,7,1,1,1,1,0,0,0,-95,1,6,1,46067521,0,110,0,0,46.2501,384,[110 96 6 0 0 0 0 0 0 0 0 0 -18 -10 -18 -11 -17 -11 -17 -12 -16 -13 -16 -13 -16 -13 -16 -13 -15 -14 -15 -13 -15 -14 -14 -14 -14 -14 -14 -14 -14 -14 -13 -14 -13 -14 -13 -13 -12 -13 -12 -13 -12 -13 -12 -14 -13 -13 -12 -12 -12 -12 -13 -12 0 0 -12 -12 -12 -12 -12 -11 -13 -11 -12 -11 -13 -10 -13 -10 -13 -10 -13 -10 -14 -10 -13 -9 -14 -9 -14 -9 -14 -9 -14 -9 -14 -8 -14 -8 -14 -8 -14 -7 -14 -7 -15 -7 -15 -7 -15 -7 -16 -6 -15 -6 -16 -6 0 0 0 0 0 0 0 0 0 0 ]
CSI_DATA,STA,94:B9:7E:D9:DB:AD,-54,11,1,7,1,1,1,1,0,0,0,-95,1,6,1,47066071,0,110,0,0,47.2486,384,[110 96 6 0 0 0 0 0 0 0 0 0 15 -14 15 -13 15 -13 16 -12 16 -12 16 -11 16 -11 16 -11 16 -11 17 -10 16 -9 17 -9 17 -9 17 -8 16 -8 16 -8 16 -8 16 -8 16 -8 16 -8 15 -8 15 -8 15 -8 15 -7 15 -7 14 -8 0 0 13 -9 14 -9 13 -9 13 -9 13 -9 13 -9 12 -9 12 -10 12 -10 12 -10 12 -10 12 -10 11 -10 11 -11 11 -11 10 -11 11 -12 10 -12 10 -12 10 -13 9 -12 10 -13 10 -13 9 -13 9 -13 9 -13 0 0 0 0 0 0 0 0 0 0 ]
CSI_DATA,STA,94:B9:7E:D9:DB:AD,-54,11,1,7,1,1,1,1,0,0,0,-95,1,6,1,48066535,0,110,0,0,48.2491,384,[110 96 6 0 0 0 0 0 0 0 0 0 -7 -20 -6 -20 -6 -20 -5 -20 -4 -20 -4 -20 -3 -20 -3 -20 -2 -20 -2 -20 -2 -20 -1 -20 0 -20 0 -19 -1 -19 0 -19 0 -18 0 -18 0 -18 0 -18 0 -18 -1 -18 -1 -17 0 -17 0 -17 -1 -17 0 0 -1 -17 -1 -17 -1 -17 -2 -17 -2 -16 -2 -16 -2 -16 -3 -16 -3 -16 -4 -16 -4 -15 -4 -15 -4 -15 -5 -15 -4 -16 -5 -16 -5 -16 -5 -15 -6 -16 -6 -15 -6 -16 -6 -15 -6 -15 -7 -15 -7 -15 -7 -15 0 0 0 0 0 0 0 0 0 0 ]
CSI_DATA,STA,94:B9:7E:D9:DB:AD,-54,11,1,7,1,1,1,1,0,0,0,-95,1,6,1,49071980,0,110,0,0,49.2545,384,[110 96 6 0 0 0 0 0 0 0 0 0 20 0 19 1 20 1 19 2 20 2 18 3 19 3 19 3 19 4 19 4 18 5 18 5 18 5 17 6 17 5 17 6 16 5 17 5 16 5 16 5 16 5 16 5 16 5 15 5 15 5 15 4 0 0 15 4 16 4 15 4 15 3 14 3 15 3 15 2 15 2 15 2 15 2 15 2 15 1 15 1 15 1 15 1 15 0 16 0 15 -1 15 0 15 -1 16 -1 15 -1 16 -1 15 -2 16 -2 15 -2 0 0 0 0 0 0 0 0 0 0 ]
CSI_DATA,STA,94:B9:7E:D9:DB:AD,-54,11,1,7,1,1,1,1,0,0,0,-95,1,6,1,50071621,0,110,0,0,50.2542,384,[110 96 6 0 0 0 0 0 0 0 0 0 -6 -20 -4 -20 -4 -20 -3 -20 -3 -20 -2 -20 -1 -20 -1 -20 -1 -20 -1 -20 -1 -20 -1 -20 0 -20 0 -20 1 -19 1 -19 1 -18 1 -18 1 -18 1 -18 1 -18 1 -18 0 -17 0 -17 0 -17 0 -17 0 0 0 -17 0 -17 -1 -16 -1 -17 -1 -16 -1 -16 -1 -16 -2 -16 -2 -16 -3 -16 -3 -16 -4 -16 -3 -16 -4 -16 -4 -16 -4 -16 -4 -16 -5 -16 -5 -16 -5 -16 -5 -16 -5 -16 -6 -15 -6 -15 -7 -15 -7 -15 0 0 0 0 0 0 0 0 0 0 ]
CSI_DATA,STA,94:B9:7E:D9:DB:AD,-54,11,1,7,1,1,1,1,0,0,0,-95,1,6,1,51072192,0,110,0,0,51.2548,384,[110 96 6 0 0 0 0 0 0 0 0 0 -19 -8 -19 -8 -19 -9 -18 -9 -19 -10 -17 -10 -17 -11 -17 -11 -17 -11 -16 -12 -16 -11 -16 -12 -16 -12 -16 -12 -15 -12 -16 -12 -15 -11 -15 -11 -14 -11 -14 -11 -14 -11 -14 -11 -14 -11 -14 -10 -14 -10 -14 -10 0 0 -14 -10 -14 -9 -13 -8 -15 -9 -14 -8 -14 -8 -14 -8 -14 -8 -14 -7 -15 -7 -15 -6 -15 -6 -15 -6 -15 -6 -16 -6 -15 -5 -16 -5 -15 -5 -15 -4 -15 -4 -16 -4 -16 -4 -16 -4 -16 -3 -16 -3 -16 -3 0 0 0 0 0 0 0 0 0 0 ]
CSI_DATA,STA,94:B9:7E:D9:DB:AD,-54,11,1,7,1,1,1,1,0,0,0,-95,1,6,1,52070092,0,110,0,0,52.2527,384,[110 96 6 0 0 0 0 0 0 0 0 0 -20 -4 -20 -5 -20 -6 -19 -7 -20 -8 -19 -7 -18 -8 -19 -8 -19 -9 -19 -9 -18 -9 -18 -9 -17 -10 -17 -9 -16 -9 -17 -9 -16 -8 -16 -9 -16 -9 -16 -8 -16 -9 -15 -9 -16 -8 -15 -8 -15 -8 -15 -7 0 0 -15 -7 -16 -7 -15 -6 -16 -6 -15 -6 -15 -5 -15 -6 -16 -5 -15 -5 -16 -5 -15 -5 -16 -4 -16 -3 -15 -3 -16 -3 -16 -3 -16 -2 -16 -2 -16 -2 -16 -2 -16 -1 -17 -1 -17 -1 -16 -1 -16 -1 -16 0 0 0 0 0 0 0 0 0 0 0 ]
CSI_DATA,STA,94:B9:7E:D9:DB:AD,-54,11,1,7,1,1,1,1,0,0,0,-95,1,6,1,53073821,0,110,0,0,53.2564,384,[110 96 6 0 0 0 0 0 0 0 0 0 1 19 0 19 -1 20 -1 20 -2 19 -2 19 -2 19 -2 19 -4 19 -3 18 -4 18 -4 19 -4 18 -4 18 -4 17 -5 17 -5 18 -5 17 -5 17 -5 17 -4 17 -5 16 -4 16 -4 16 -4 16 -3 16 0 0 -3 15 -3 16 -3 15 -2 15 -3 15 -2 15 -2 15 -2 15 -1 15 -1 15 -1 15 -1 15 0 15 0 15 0 15 0 15 1 15 1 15 1 15 1 15 2 15 1 15 2 15 2 15 2 15 3 15 0 0 0 0 0 0 0 0 0 0 ]
CSI_DATA,STA,94:B9:7E:D9:DB:AD,-54,11,1,7,1,1,1,1,0,0,0,-95,1,6,1,54073166,0,110,0,0,54.2557,384,[110 96 6 0 0 0 0 0 0 0 0 0 18 -8 18 -8 19 -7 19 -6 18 -6 18 -5 19 -5 18 -4 19 -5 19 -4 19 -3 19 -2 18 -2 18 -2 18 -2 18 -2 17 -2 17 -2 17 -1 17 -2 17 -2 17 -2 16 -2 16 -2 16 -2 16 -2 0 0 15 -2 16 -2 16 -3 15 -3 14 -3 15 -4 15 -3 15 -4 15 -4 15 -4 15 -4 15 -5 14 -5 14 -5 14 -5 14 -6 14 -6 14 -6 14 -6 14 -7 14 -7 14 -7 14 -7 14 -7 14 -7 14 -8 0 0 0 0 0 0 0 0 0 0 ]
CSI_DATA,STA,94:B9:7E:D9:DB:AD,-54,11,1,7,1,1,1,1,0,0,0,-95,1,6,1,55075947,0,110,0,0,55.2585,384,[110 96 6 0 0 0 0 0 0 0 0 0 2 -23 2 -23 3 -23 4 -22 4 -22 5 -22 5 -22 6 -22 7 -22 6 -21 7 -21 7 -21 8 -20 7 -20 8 -20 8 -19 8 -19 7 -19 7 -19 8 -19 7 -18 7 -19 6 -18 7 -18 7 -18 6 -18 0 0 6 -18 6 -17 5 -18 5 -17 5 -17 4 -17 4 -18 4 -18 3 -18 3 -18 2 -18 3 -18 2 -18 2 -18 1 -18 1 -18 1 -18 1 -18 0 -18 0 -18 0 -19 0 -19 -1 -18 -1 -19 -1 -19 -1 -18 0 0 0 0 0 0 0 0 0 0 ]
CSI_DATA,STA,94:B9:7E:D9:DB:AD,-54,11,1,7,1,1,1,1,0,0,0,-95,1,6,1,56076953,0,110,0,0,56.2595,384,[110 96 6 0 0 0 0 0 0 0 0 0 -9 17 -10 17 -11 17 -11 17 -12 16 -11 16 -12 15 -12 15 -13 15 -13 14 -13 14 -14 14 -14 13 -14 13 -13 13 -14 13 -13 12 -13 12 -13 12 -13 12 -13 12 -13 11 -13 11 -12 11 -13 11 -12 11 0 0 -11 12 -11 12 -11 12 -11 11 -11 12 -11 12 -10 12 -10 12 -9 12 -9 12 -10 12 -9 12 -9 13 -9 13 -9 13 -8 13 -8 13 -8 14 -7 14 -7 14 -7 14 -8 14 -7 14 -7 14 -7 14 -6 14 0 0 0 0 0 0 0 0 0 0 ]
CSI_DATA,STA,94:B9:7E:D9:DB:AD,-54,11,1,7,1,1,1,1,0,0,0,-95,1,6,1,57079089,0,110,0,0,57.2617,384,[110 96 6 0 0 0 0 0 0 0 0 0 -21 1 -20 0 -21 0 -21 -1 -20 -1 -21 -1 -20 -2 -20 -3 -20 -3 -19 -4 -20 -4 -20 -4 -20 -4 -19 -5 -18 -5 -18 -5 -19 -5 -18 -5 -18 -5 -17 -5 -17 -5 -17 -5 -17 -5 -17 -5 -17 -5 -17 -4 0 0 -16 -4 -16 -3 -16 -4 -16 -3 -16 -3 -16 -3 -16 -3 -16 -3 -16 -2 -16 -2 -16 -2 -16 -1 -16 -1 -16 -1 -16 -1 -17 0 -16 -1 -16 -1 -16 0 -16 0 -16 0 -16 0 -16 1 -16 1 -16 1 -17 2 0 0 0 0 0 0 0 0 0 0 ]
CSI_DATA,STA,94:B9:7E:D9:DB:AD,-54,11,1,7,1,1,1,1,0,0,0,-95,1,6,1,58076607,0,110,0,0,58.2592,384,[110 96 6 0 0 0 0 0 0 0 0 0 -9 18 -9 17 -10 18 -11 17 -11 17 -11 16 -11 16 -12 16 -12 16 -13 15 -13 15 -13 14 -13 14 -13 14 -13 13 -13 13 -13 13 -12 13 -12 13 -12 13 -12 13 -12 13 -12 13 -11 12 -12 12 -11 12 0 0 -10 12 -10 12 -10 12 -9 13 -9 12 -9 12 -9 13 -8 13 -8 13 -8 14 -8 13 -8 14 -7 14 -7 13 -6 14 -6 14 -6 14 -6 14 -6 14 -5 14 -5 15 -6 15 -5 15 -5 15 -5 15 -4 15 0 0 0 0 0 0 0 0 0 0 ]
CSI_DATA,STA,94:B9:7E:D9:DB:AD,-54,11,1,7,1,1,1,1,0,0,0,-95,1,6,1,59077827,0,110,0,0,59.2604,384,[110 96 6 0 0 0 0 0 0 0 0 0 -18 9 -18 8 -19 8 -19 7 -19 7 -19 7 -19 6 -19 6 -19 6 -20 5 -19 4 -19 4 -19 3 -19 3 -18 3 -19 4 -18 3 -18 3 -18 3 -17 4 -17 4 -17 3 -17 3 -17 3 -17 3 -16 3 0 0 -16 4 -16 4 -16 4 -16 5 -15 4 -16 5 -15 6 -15 6 -15 6 -15 6 -15 6 -15 6 -14 7 -14 7 -15 7 -14 7 -14 8 -13 8 -13 8 -13 9 -13 9 -13 9 -13 9 -13 9 -13 9 -13 9 0 0 0 0 0 0 0 0 0 0 ]
CSI_DATA,STA,94:B9:7E:D9:DB:AD,-55,11,1,7,1,1,1,1,0,0,0,-95,1,6,1,60083453,0,110,0,0,60.266,384,[110 96 6 0 0 0 0 0 0 0 0 0 -6 18 -7 18 -8 18 -9 18 -9 18 -9 17 -9 17 -9 16 -9 16 -11 16 -10 15 -11 15 -11 15 -11 14 -10 14 -11 14 -10 14 -10 14 -10 14 -10 14 -10 14 -10 13 -10 14 -10 13 -10 13 -9 13 0 0 -8 13 -8 13 -8 13 -8 13 -7 13 -7 14 -7 13 -7 13 -6 13 -6 14 -6 14 -6 14 -6 14 -6 14 -5 14 -4 14 -4 14 -4 14 -3 15 -3 14 -3 15 -3 15 -3 15 -3 15 -3 15 -2 15 0 0 0 0 0 0 0 0 0 0 ]
CSI_DATA,STA,94:B9:7E:D9:DB:AD,-54,11,1,7,1,1,1,1,0,0,0,-95,1,6,1,61079641,0,110,0,0,61.2622,384,[110 96 6 0 0 0 0 0 0 0 0 0 -5 18 -5 19 -7 19 -7 18 -7 18 -8 18 -8 18 -8 17 -9 17 -9 17 -9 17 -10 17 -10 16 -10 16 -10 16 -10 15 -9 16 -9 15 -10 15 -9 15 -9 15 -9 14 -9 14 -9 14 -9 14 -8 14 0 0 -8 14 -8 14 -8 14 -7 14 -7 14 -6 14 -6 14 -6 14 -5 14 -5 15 -5 14 -5 14 -5 15 -5 15 -4 15 -4 15 -4 15 -3 15 -3 15 -3 15 -3 15 -3 15 -2 15 -3 15 -2 15 -1 15 0 0 0 0 0 0 0 0 0 0 ]
CSI_DATA,STA,94:B9:7E:D9:DB:AD,-54,11,1,7,1,1,1,1,0,0,0,-95,1,6,1,62081901,0,110,0,0,62.2645,384,[110 96 6 0 0 0 0 0 0 0 0 0 20 0 19 1 20 2 19 3 20 3 19 3 19 4 18 4 19 4 18 5 18 5 18 5 18 5 18 6 17 5 17 5 16 5 16 5 16 5 17 5 16 5 16 5 16 5 15 4 16 4 15 4 0 0 15 3 16 3 15 3 15 3 15 2 15 2 15 2 15 1 15 1 15 1 15 1 15 0 15 0 15 0 15 -1 15 -1 16 -1 15 -2 15 -2 15 -2 15 -2 15 -3 16 -3 15 -3 15 -3 15 -4 0 0 0 0 0 0 0 0 0 0 ]
CSI_DATA,STA,94:B9:7E:D9:DB:AD,-54,11,1,7,1,1,1,1,0,0,0,-95,1,6,1,63081538,0,110,0,0,63.2641,384,[110 96 6 0 0 0 0 0 0 0 0 0 3 -20 4 -20 5 -20 5 -20 6 -20 6 -19 6 -18 7 -18 7 -19 7 -18 8 -18 8 -18 9 -17 9 -17 8 -17 8 -17 8 -16 7 -16 7 -16 8 -16 8 -15 8 -16 8 -16 8 -15 8 -15 7 -15 0 0 6 -15 7 -15 6 -15 5 -15 5 -15 6 -15 5 -15 5 -15 4 -15 4 -16 4 -15 4 -15 4 -15 3 -16 3 -15 3 -15 3 -16 2 -16 2 -16 2 -16 2 -16 1 -16 1 -16 1 -17 1 -16 0 -16 0 0 0 0 0 0 0 0 0 0 ]
CSI_DATA,STA,94:B9:7E:D9:DB:AD,-54,11,1,7,1,1,1,1,0,0,0,-95,1,6,1,64092064,0,110,0,0,64.2747,384,[110 96 6 0 0 0 0 0 0 0 0 0 -16 -13 -16 -13 -15 -14 -15 -14 -14 -15 -15 -15 -14 -15 -14 -16 -13 -16 -12 -15 -12 -16 -12 -16 -12 -16 -11 -16 -11 -16 -10 -16 -11 -16 -11 -15 -10 -15 -10 -15 -10 -15 -10 -15 -10 -15 -10 -14 -10 -14 -10 -14 0 0 -10 -14 -10 -13 -10 -14 -10 -13 -10 -12 -11 -13 -11 -13 -11 -12 -11 -12 -11 -12 -12 -11 -12 -11 -12 -11 -12 -11 -12 -11 -12 -11 -12 -10 -13 -11 -13 -10 -13 -10 -13 -10 -13 -10 -13 -10 -14 -9 -14 -9 -14 -9 0 0 0 0 0 0 0 0 0 0 ]
CSI_DATA,STA,94:B9:7E:D9:DB:AD,-54,11,1,7,1,1,1,1,0,0,0,-95,1,6,1,65088595,0,110,0,0,65.2712,384,[110 96 6 0 0 0 0 0 0 0 0 0 -3 19 -4 19 -5 19 -5 19 -6 19 -5 19 -6 18 -6 18 -7 18 -8 18 -8 17 -8 18 -8 17 -8 16 -8 17 -8 16 -8 16 -8 16 -8 16 -7 16 -7 16 -7 15 -7 15 -7 15 -7 15 -6 15 0 0 -6 15 -6 15 -6 14 -5 15 -5 15 -5 15 -4 15 -4 15 -4 15 -3 15 -3 15 -3 15 -2 15 -2 15 -2 15 -1 15 -1 15 -1 15 -1 15 -1 15 0 16 0 15 0 15 0 15 1 15 1 15 0 0 0 0 0 0 0 0 0 0 ]
CSI_DATA,STA,94:B9:7E:D9:DB:AD,-54,11,1,7,1,1,1,1,0,0,0,-95,1,6,1,66085035,0,110,0,0,66.2676,384,[110 96 6 0 0 0 0 0 0 0 0 0 5 18 5 19 4 19 3 20 3 19 3 20 2 19 1 19 1 19 1 19 1 19 0 19 -1 19 -1 18 -1 18 -1 18 -1 18 -1 17 -1 17 -1 17 -1 17 -1 16 -1 16 -1 16 -1 16 0 16 0 0 0 16 0 15 0 16 1 15 1 15 1 15 1 15 2 15 2 15 2 15 2 15 2 15 3 15 3 15 3 14 3 15 4 14 4 15 4 15 4 15 5 15 4 15 5 14 5 14 5 14 5 14 0 0 0 0 0 0 0 0 0 0 ]
CSI_DATA,STA,94:B9:7E:D9:DB:AD,-54,11,1,7,1,1,1,1,0,0,0,-95,1,6,1,67088118,0,110,0,0,67.2707,384,[110 96 6 0 0 0 0 0 0 0 0 0 19 5 18 5 18 6 18 7 18 7 17 8 17 8 17 8 17 8 17 9 16 10 16 10 16 10 15 10 15 9 15 10 14 9 15 9 14 9 14 9 14 8 14 8 14 9 14 8 14 8 14 8 0 0 14 7 14 7 14 7 14 6 13 5 14 5 14 6 14 5 14 4 15 4 14 5 14 4 14 4 15 3 15 3 14 3 15 3 15 2 15 2 15 1 15 2 15 1 16 1 15 1 15 1 15 1 0 0 0 0 0 0 0 0 0 0 ]
CSI_DATA,STA,94:B9:7E:D9:DB:AD,-54,11,1,7,1,1,1,1,0,0,0,-95,1,6,1,68087985,0,110,0,0,68.2706,384,[110 96 6 0 0 0 0 0 0 0 0 0 -10 17 -10 17 -11 16 -12 17 -12 16 -12 16 -13 15 -13 15 -13 15 -13 14 -13 14 -13 14 -14 13 -14 13 -13 13 -14 13 -13 13 -13 12 -13 12 -13 12 -13 12 -12 12 -12 12 -12 12 -12 12 -12 12 0 0 -11 12 -11 12 -10 12 -10 12 -10 12 -10 13 -9 13 -9 13 -9 13 -8 13 -8 13 -8 13 -8 14 -8 13 -7 14 -7 14 -7 14 -6 14 -6 14 -6 14 -6 14 -6 14 -5 14 -5 15 -5 15 -4 15 0 0 0 0 0 0 0 0 0 0 ]
CSI_DATA,STA,94:B9:7E:D9:DB:AD,-55,11,1,7,1,1,1,1,0,0,0,-95,1,6,1,69092404,0,110,0,0,69.275,384,[110 96 6 0 0 0 0 0 0 0 0 0 18 -8 18 -7 19 -7 18 -6 19 -6 18 -5 18 -5 18 -5 19 -4 19 -4 18 -3 18 -3 18 -3 18 -2 17 -3 18 -2 17 -2 17 -2 17 -2 17 -2 16 -2 16 -2 16 -2 16 -2 16 -2 16 -3 0 0 15 -3 16 -3 15 -3 15 -3 14 -3 14 -4 14 -4 14 -4 14 -4 15 -5 14 -5 14 -5 14 -5 14 -6 14 -6 13 -6 14 -6 13 -7 14 -7 13 -8 13 -8 13 -8 14 -8 13 -8 13 -8 13 -8 0 0 0 0 0 0 0 0 0 0 ]
CSI_DATA,STA,94:B9:7E:D9:DB:AD,-54,11,1,7,1,1,1,1,0,0,0,-95,1,6,1,70090845,0,110,0,0,70.2734,384,[110 96 6 0 0 0 0 0 0 0 0 0 20 3 19 4 19 5 18 5 18 6 18 6 18 7 18 7 18 8 17 8 17 8 17 8 17 8 16 8 16 8 16 9 15 8 15 8 15 8 14 8 14 8 14 8 15 8 14 7 15 7 14 7 0 0 14 7 14 7 14 6 14 6 13 6 14 6 14 5 14 5 14 5 15 4 14 4 14 4 15 4 15 3 15 3 15 3 15 3 15 2 15 3 15 2 15 2 16 2 16 1 15 1 15 1 15 1 0 0 0 0 0 0 0 0 0 0 ]
CSI_DATA,STA,94:B9:7E:D9:DB:AD,-54,11,1,7,1,1,1,1,0,0,0,-95,1,6,1,71092567,0,110,0,0,71.2751,384,[110 96 6 0 0 0 0 0 0 0 0 0 -20 5 -20 4 -20 3 -20 3 -20 3 -20 2 -20 2 -20 1 -20 1 -20 1 -20 0 -20 -1 -19 -1 -20 -1 -19 -1 -19 -1 -19 -2 -18 -2 -18 -1 -18 -1 -18 -1 -18 -1 -17 -1 -17 -1 -17 -1 -17 -1 0 0 -17 0 -17 0 -16 0 -16 0 -16 0 -16 1 -16 1 -16 1 -16 2 -16 2 -16 2 -16 2 -16 3 -16 3 -16 3 -16 3 -15 4 -15 4 -15 4 -15 4 -16 5 -16 5 -15 5 -15 5 -16 5 -16 5 0 0 0 0 0 0 0 0 0 0 ]
CSI_DATA,STA,94:B9:7E:D9:DB:AD,-54,11,1,7,1,1,1,1,0,0,0,-95,1,6,1,72092863,0,110,0,0,72.2754,384,[110 96 6 0 0 0 0 0 0 0 0 0 -7 -22 -6 -22 -5 -23 -4 -22 -4 -23 -3 -23 -3 -22 -2 -23 -2 -23 -1 -22 -1 -23 -1 -22 0 -22 0 -22 -1 -21 0 -21 0 -21 0 -20 0 -20 0 -20 0 -20 0 -20 -1 -20 0 -19 -1 -19 -1 -19 0 0 -2 -19 -2 -19 -2 -18 -2 -19 -2 -18 -3 -18 -3 -18 -3 -18 -4 -18 -4 -18 -5 -17 -5 -18 -5 -18 -6 -17 -5 -17 -6 -17 -6 -17 -7 -17 -7 -17 -7 -17 -8 -17 -8 -17 -7 -17 -8 -17 -9 -16 -8 -17 0 0 0 0 0 0 0 0 0 0 ]
CSI_DATA,STA,94:B9:7E:D9:DB:AD,-54,11,1,7,1,1,1,1,0,0,0,-95,1,6,1,73092435,0,110,0,0,73.275,384,[110 96 6 0 0 0 0 0 0 0 0 0 -1 -20 -1 -21 0 -20 0 -21 1 -20 1 -20 2 -20 2 -20 2 -20 3 -20 3 -19 4 -19 4 -19 4 -19 4 -19 4 -18 4 -18 4 -17 4 -17 4 -18 4 -17 4 -18 3 -17 4 -16 4 -17 3 -17 0 0 3 -17 3 -16 3 -16 2 -16 2 -16 2 -16 2 -16 1 -16 1 -16 0 -16 0 -16 0 -16 0 -16 -1 -16 -1 -16 -1 -16 -1 -16 -2 -16 -2 -16 -3 -16 -3 -16 -3 -16 -3 -16 -3 -16 -3 -16 -3 -16 0 0 0 0 0 0 0 0 0 0 ]
CSI_DATA,STA,94:B9:7E:D9:DB:AD,-54,11,1,7,1,1,1,1,0,0,0,-95,1,6,1,74097230,0,110,0,0,74.2798,384,[110 96 6 0 0 0 0 0 0 0 0 0 20 -4 19 -3 20 -2 19 -2 20 -2 19 -1 19 -1 19 0 19 0 19 1 18 1 19 1 19 1 18 2 17 1 18 2 17 2 17 1 17 1 17 1 17 1 17 1 17 1 16 1 16 1 16 1 0 0 15 0 16 0 15 0 16 0 15 -1 15 -1 15 -1 15 -2 15 -2 15 -3 15 -2 15 -3 15 -3 14 -3 15 -4 14 -4 15 -4 14 -5 15 -5 14 -6 15 -6 15 -6 15 -6 15 -6 15 -6 14 -6 0 0 0 0 0 0 0 0 0 0 ]
CSI_DATA,STA,94:B9:7E:D9:DB:AD,-54,11,1,7,1,1,1,1,0,0,0,-95,1,6,1,75093567,0,110,0,0,75.2761,384,[110 96 6 0 0 0 0 0 0 0 0 0 19 6 18 6 18 7 17 8 18 8 17 8 17 9 16 9 17 10 16 10 16 10 15 10 15 11 15 10 15 10 15 10 15 10 14 9 13 10 14 10 13 10 13 9 13 9 13 9 13 9 13 9 0 0 14 8 13 8 13 7 13 7 13 7 13 7 13 7 13 6 14 6 14 6 14 6 14 6 14 5 14 5 14 4 14 4 15 4 14 4 15 3 15 3 15 3 15 3 15 3 15 3 15 3 15 2 0 0 0 0 0 0 0 0 0 0 ]
CSI_DATA,STA,94:B9:7E:D9:DB:AD,-54,11,1,7,1,1,1,1,0,0,0,-95,1,6,1,76096346,0,110,0,0,76.2789,384,[110 96 6 0 0 0 0 0 0 0 0 0 11 -17 12 -17 12 -16 13 -16 13 -16 13 -14 14 -14 14 -14 14 -13 14 -13 14 -13 14 -13 15 -12 15 -12 14 -12 14 -11 14 -12 14 -11 14 -11 14 -11 14 -11 13 -11 13 -11 13 -11 13 -10 13 -11 0 0 12 -11 12 -11 12 -11 11 -11 11 -11 11 -11 11 -11 11 -12 10 -12 10 -12 9 -12 10 -12 10 -12 9 -13 9 -12 8 -13 9 -13 8 -13 9 -13 8 -14 8 -14 8 -14 8 -14 7 -14 7 -14 7 -14 0 0 0 0 0 0 0 0 0 0 ]
CSI_DATA,STA,94:B9:7E:D9:DB:AD,-54,11,1,7,1,1,1,1,0,0,0,-95,1,6,1,77100515,0,110,0,0,77.2831,384,[110 96 6 0 0 0 0 0 0 0 0 0 -16 13 -16 12 -17 12 -17 11 -17 11 -17 10 -17 9 -18 9 -18 9 -18 8 -18 8 -17 8 -18 8 -18 8 -18 7 -18 7 -17 7 -16 7 -16 7 -16 6 -16 7 -16 7 -16 6 -16 7 -16 7 -15 7 0 0 -15 7 -15 7 -14 7 -14 8 -14 7 -14 8 -14 8 -14 8 -13 8 -13 9 -12 9 -13 9 -13 10 -13 10 -12 10 -12 10 -12 11 -12 11 -11 11 -11 11 -11 11 -12 11 -11 12 -10 12 -11 12 -10 12 0 0 0 0 0 0 0 0 0 0 ]
CSI_DATA,STA,94:B9:7E:D9:DB:AD,-54,11,1,6,1,1,1,1,0,0,0,-95,1,6,1,78113542,0,110,0,0,78.2961,384,[110 96 6 0 0 0 0 0 0 0 0 0 13 -12 14 -12 14 -11 15 -11 15 -11 15 -10 15 -9 15 -9 16 -8 15 -8 15 -8 15 -8 15 -8 15 -8 15 -7 15 -7 15 -7 14 -6 14 -7 14 -6 14 -6 15 -6 14 -7 13 -7 14 -7 13 -7 0 0 13 -7 13 -7 13 -7 12 -7 12 -8 13 -7 12 -7 12 -8 12 -8 11 -9 11 -9 11 -9 11 -9 11 -10 11 -9 11 -10 11 -10 10 -10 11 -10 11 -11 10 -11 11 -11 10 -11 10 -11 10 -11 10 -11 0 0 0 0 0 0 0 0 0 0 ]
CSI_DATA,STA,94:B9:7E:D9:DB:AD,-54,11,1,7,1,1,1,1,0,0,0,-95,1,6,1,79097755,0,110,0,0,79.2803,384,[110 96 6 0 0 0 0 0 0 0 0 0 -18 -11 -18 -11 -17 -12 -17 -12 -17 -13 -16 -12 -16 -13 -15 -13 -16 -13 -15 -14 -14 -15 -14 -14 -14 -14 -13 -14 -13 -14 -13 -14 -13 -13 -13 -13 -13 -13 -12 -13 -13 -13 -13 -13 -12 -13 -12 -12 -12 -13 -12 -12 0 0 -12 -11 -12 -11 -12 -11 -13 -11 -13 -10 -13 -11 -13 -10 -13 -10 -13 -10 -14 -10 -13 -9 -14 -8 -14 -8 -14 -8 -14 -8 -14 -8 -14 -8 -15 -7 -14 -7 -15 -7 -15 -7 -15 -6 -15 -7 -15 -6 -15 -6 -16 -6 0 0 0 0 0 0 0 0 0 0 ]
CSI_DATA,STA,94:B9:7E:D9:DB:AD,-54,11,1,6,1,1,1,1,0,0,0,-95,1,6,1,80098777,0,110,0,0,80.2814,384,[110 96 6 0 0 0 0 0 0 0 0 0 -10 -16 -10 -16 -9 -16 -8 -17 -8 -17 -7 -17 -8 -17 -7 -17 -7 -17 -6 -17 -5 -18 -5 -18 -4 -17 -4 -17 -5 -17 -5 -17 -5 -16 -4 -16 -4 -16 -4 -16 -5 -16 -5 -16 -5 -16 -4 -15 -4 -16 -5 -16 0 0 -5 -15 -5 -15 -5 -15 -6 -15 -5 -14 -6 -14 -6 -14 -7 -14 -7 -14 -7 -14 -7 -14 -7 -14 -7 -14 -8 -13 -8 -14 -8 -13 -8 -13 -8 -13 -9 -13 -9 -12 -10 -13 -10 -13 -9 -12 -9 -12 -9 -13 -10 -13 0 0 0 0 0 0 0 0 0 0 ]
CSI_DATA,STA,94:B9:7E:D9:DB:AD,-54,11,1,6,1,1,1,1,0,0,0,-95,1,6,1,81100043,0,110,0,0,81.2826,384,[110 96 6 0 0 0 0 0 0 0 0 0 -5 -18 -5 -18 -4 -18 -3 -19 -3 -19 -2 -19 -2 -18 -2 -18 -1 -18 -1 -18 0 -18 0 -18 0 -18 0 -18 0 -18 0 -18 0 -17 0 -17 1 -17 1 -16 0 -16 1 -16 0 -16 0 -16 1 -16 0 -16 0 0 -1 -16 0 -16 -1 -15 -1 -16 -1 -15 -1 -15 -2 -15 -2 -15 -2 -15 -2 -15 -3 -15 -3 -15 -3 -15 -4 -15 -3 -15 -4 -15 -4 -15 -4 -15 -5 -15 -5 -14 -5 -15 -5 -15 -5 -15 -6 -14 -6 -14 -6 -14 0 0 0 0 0 0 0 0 0 0 ]
CSI_DATA,STA,94:B9:7E:D9:DB:AD,-54,11,1,7,1,1,1,1,0,0,0,-95,1,6,1,82110430,0,110,0,0,82.2929,384,[110 96 6 0 0 0 0 0 0 0 0 0 11 -16 12 -16 12 -16 13 -16 13 -15 14 -15 14 -14 14 -14 15 -13 14 -13 14 -13 14 -12 15 -12 15 -12 15 -12 14 -11 15 -11 14 -11 14 -11 14 -10 14 -10 14 -11 13 -10 13 -10 13 -10 13 -10 0 0 12 -10 12 -10 12 -11 11 -10 12 -10 12 -11 11 -11 11 -11 11 -12 10 -12 10 -12 10 -12 10 -12 10 -13 9 -12 10 -13 9 -12 9 -13 9 -13 9 -14 8 -14 8 -14 8 -14 8 -14 8 -14 8 -14 0 0 0 0 0 0 0 0 0 0 ]
CSI_DATA,STA,94:B9:7E:D9:DB:AD,-54,11,1,7,1,1,1,1,0,0,0,-95,1,6,1,83103776,0,110,0,0,83.2864,384,[110 96 6 0 0 0 0 0 0 0 0 0 16 -12 15 -12 17 -11 17 -10 17 -11 17 -10 17 -9 18 -8 18 -8 18 -8 18 -7 18 -7 18 -7 17 -7 17 -6 17 -6 17 -6 17 -6 16 -6 16 -6 16 -6 16 -6 16 -6 16 -6 16 -6 15 -6 0 0 15 -6 15 -7 14 -7 14 -7 14 -7 14 -7 14 -7 14 -8 13 -7 13 -8 13 -9 13 -9 12 -9 12 -9 13 -9 12 -10 13 -10 12 -10 12 -10 12 -10 12 -11 12 -11 12 -11 11 -12 11 -11 11 -11 0 0 0 0 0 0 0 0 0 0 ]
CSI_DATA,STA,94:B9:7E:D9:DB:AD,-54,11,1,7,1,1,1,1,0,0,0,-95,1,6,1,84103454,0,110,0,0,84.286,384,[110 96 6 0 0 0 0 0 0 0 0 0 11 -17 11 -16 12 -16 12 -16 13 -16 13 -15 14 -14 13 -14 14 -14 14 -14 14 -13 14 -13 15 -12 14 -12 14 -12 14 -12 14 -12 14 -12 13 -11 14 -11 14 -11 13 -11 13 -11 13 -11 13 -11 12 -11 0 0 12 -11 12 -11 11 -11 11 -12 10 -11 10 -12 11 -11 10 -12 10 -12 9 -12 10 -12 10 -12 9 -12 9 -13 9 -13 8 -13 9 -13 8 -14 8 -14 7 -14 8 -14 7 -14 8 -15 7 -15 7 -15 7 -15 0 0 0 0 0 0 0 0 0 0 ]
CSI_DATA,STA,94:B9:7E:D9:DB:AD,-55,11,1,7,1,1,1,1,0,0,0,-95,1,6,1,85106208,0,110,0,0,85.2888,384,[110 96 6 0 0 0 0 0 0 0 0 0 -17 2 -16 2 -17 1 -17 0 -17 0 -16 0 -17 -1 -17 -1 -17 -1 -17 -2 -16 -2 -16 -3 -16 -3 -16 -3 -15 -2 -16 -2 -15 -2 -15 -2 -15 -3 -15 -2 -15 -2 -15 -2 -15 -3 -14 -2 -14 -2 -14 -2 0 0 -14 -1 -14 -1 -13 -1 -14 -1 -13 -1 -14 0 -14 0 -14 0 -14 1 -14 0 -13 1 -14 1 -13 1 -13 1 -14 2 -13 2 -14 2 -13 2 -13 3 -13 3 -13 3 -13 3 -14 3 -13 3 -13 3 -13 4 0 0 0 0 0 0 0 0 0 0 ]
CSI_DATA,STA,94:B9:7E:D9:DB:AD,-54,11,1,7,1,1,1,1,0,0,0,-95,1,6,1,86106388,0,110,0,0,86.2889,384,[110 96 6 0 0 0 0 0 0 0 0 0 -12 -20 -12 -20 -11 -21 -10 -21 -10 -20 -10 -21 -9 -21 -9 -22 -8 -21 -7 -21 -7 -21 -7 -22 -6 -21 -6 -21 -5 -21 -5 -20 -5 -21 -5 -20 -5 -20 -5 -20 -4 -20 -5 -19 -5 -19 -5 -19 -5 -19 -5 -18 0 0 -5 -19 -6 -17 -5 -18 -6 -18 -6 -17 -6 -17 -6 -17 -7 -17 -7 -17 -8 -17 -8 -16 -8 -16 -8 -16 -9 -16 -9 -16 -9 -16 -9 -16 -9 -16 -10 -16 -10 -16 -10 -16 -10 -15 -10 -15 -11 -15 -11 -15 -11 -15 0 0 0 0 0 0 0 0 0 0 ]
CSI_DATA,STA,94:B9:7E:D9:DB:AD,-55,11,1,7,1,1,1,1,0,0,0,-95,1,6,1,87111381,0,110,0,0,87.2944,384,[110 96 6 0 0 0 0 0 0 0 0 0 17 9 16 9 16 10 16 10 16 10 15 11 15 11 14 11 15 11 14 12 14 12 13 13 12 13 12 13 12 12 12 13 12 12 12 12 11 12 11 12 11 11 11 11 11 12 10 11 10 11 10 11 0 0 11 10 11 10 11 10 11 9 11 9 11 9 11 9 11 9 12 9 12 9 12 9 12 8 12 8 12 8 12 7 12 7 13 7 13 7 13 7 13 7 13 7 13 7 13 7 14 6 13 6 13 5 0 0 0 0 0 0 0 0 0 0 ]
CSI_DATA,STA,94:B9:7E:D9:DB:AD,-54,11,1,6,1,1,1,1,0,0,0,-95,1,6,1,88116835,0,110,0,0,88.2994,384,[110 96 6 0 0 0 0 0 0 0 0 0 -10 -17 -9 -16 -9 -17 -7 -17 -7 -18 -7 -17 -6 -17 -6 -18 -6 -18 -5 -18 -5 -17 -5 -18 -4 -18 -4 -17 -4 -17 -4 -18 -4 -16 -4 -17 -4 -16 -4 -16 -4 -16 -4 -16 -4 -16 -4 -15 -4 -16 -4 -16 0 0 -5 -15 -5 -15 -5 -14 -6 -15 -5 -14 -6 -14 -5 -15 -6 -14 -6 -14 -7 -14 -7 -13 -7 -13 -7 -14 -7 -13 -8 -14 -8 -13 -8 -13 -8 -13 -9 -13 -9 -13 -9 -13 -9 -13 -9 -13 -10 -12 -10 -13 -10 -12 0 0 0 0 0 0 0 0 0 0 ]
CSI_DATA,STA,94:B9:7E:D9:DB:AD,-54,11,1,7,1,1,1,1,0,0,0,-95,1,6,1,89108963,0,110,0,0,89.2916,384,[110 96 6 0 0 0 0 0 0 0 0 0 -9 18 -9 17 -10 17 -11 17 -11 16 -11 16 -11 16 -11 16 -12 16 -12 15 -13 14 -13 14 -13 14 -13 14 -13 14 -13 13 -13 13 -12 13 -12 13 -12 13 -12 12 -12 12 -12 12 -12 12 -12 12 -11 12 0 0 -10 13 -11 12 -10 12 -10 13 -9 12 -9 13 -9 12 -9 13 -9 13 -8 13 -9 13 -8 13 -8 13 -7 13 -7 14 -7 14 -7 14 -6 14 -6 14 -6 14 -5 15 -6 14 -5 14 -6 15 -6 15 -5 15 0 0 0 0 0 0 0 0 0 0 ]
CSI_DATA,STA,94:B9:7E:D9:DB:AD,-54,11,1,6,1,1,1,1,0,0,0,-95,1,6,1,90110600,0,110,0,0,90.2932,384,[110 96 6 0 0 0 0 0 0 0 0 0 1 -18 2 -18 3 -19 3 -19 4 -18 4 -18 4 -18 5 -18 5 -18 5 -17 5 -17 6 -17 6 -17 6 -17 5 -17 6 -17 5 -16 6 -16 6 -16 6 -16 6 -15 5 -15 5 -15 5 -15 5 -15 4 -15 0 0 4 -15 3 -15 3 -15 3 -15 3 -15 3 -15 3 -15 2 -15 2 -15 1 -15 1 -15 1 -15 1 -15 0 -15 0 -15 0 -15 0 -15 -1 -15 -1 -15 -1 -16 -2 -15 -2 -16 -2 -16 -2 -15 -3 -16 -3 -15 0 0 0 0 0 0 0 0 0 0 ]
CSI_DATA,STA,94:B9:7E:D9:DB:AD,-54,11,1,6,1,1,1,1,0,0,0,-95,1,6,1,91109835,0,110,0,0,91.2924,384,[110 96 6 0 0 0 0 0 0 0 0 0 -3 18 -3 17 -4 18 -5 17 -5 17 -5 17 -5 17 -6 17 -6 16 -7 16 -7 16 -8 15 -8 15 -8 15 -7 15 -8 15 -7 15 -7 15 -7 14 -7 14 -7 14 -7 14 -7 14 -7 13 -7 13 -7 14 0 0 -5 13 -6 14 -5 13 -5 13 -5 13 -4 14 -4 13 -4 14 -4 13 -4 14 -4 14 -4 14 -3 14 -3 14 -2 14 -2 14 -2 14 -2 14 -1 14 -1 14 -1 15 -1 14 -1 15 -1 14 -1 14 0 15 0 0 0 0 0 0 0 0 0 0 ]
CSI_DATA,STA,94:B9:7E:D9:DB:AD,-54,11,1,7,1,1,1,1,0,0,0,-95,1,6,1,92115132,0,110,0,0,92.2977,384,[110 96 6 0 0 0 0 0 0 0 0 0 15 -14 15 -13 16 -13 16 -12 16 -12 16 -11 17 -11 17 -10 17 -10 17 -9 17 -9 17 -8 17 -8 17 -8 16 -8 16 -8 16 -8 16 -7 16 -7 16 -7 16 -7 15 -7 15 -7 15 -7 15 -7 15 -7 0 0 14 -7 14 -8 14 -8 13 -8 13 -8 13 -8 13 -8 13 -9 12 -9 12 -9 12 -10 12 -10 12 -10 12 -10 11 -11 11 -11 12 -11 11 -11 11 -11 11 -12 11 -12 11 -12 11 -12 10 -13 10 -12 10 -12 0 0 0 0 0 0 0 0 0 0 ]
CSI_DATA,STA,94:B9:7E:D9:DB:AD,-54,11,1,7,1,1,1,1,0,0,0,-95,1,6,1,93112979,0,110,0,0,93.2956,384,[110 96 6 0 0 0 0 0 0 0 0 0 -6 -20 -5 -20 -5 -20 -4 -20 -4 -21 -4 -20 -3 -20 -3 -20 -2 -20 -2 -20 -1 -21 -1 -20 0 -20 0 -19 0 -19 0 -19 0 -18 0 -18 0 -18 0 -18 1 -18 0 -18 0 -17 0 -17 0 -17 0 -17 0 0 -1 -17 -1 -17 -1 -16 -1 -17 -1 -16 -2 -16 -2 -16 -2 -16 -3 -16 -3 -16 -3 -16 -3 -16 -3 -16 -4 -15 -4 -16 -4 -16 -4 -16 -4 -15 -4 -16 -5 -16 -6 -16 -6 -16 -5 -16 -6 -15 -6 -16 -6 -15 0 0 0 0 0 0 0 0 0 0 ]
CSI_DATA,STA,94:B9:7E:D9:DB:AD,-54,11,1,7,1,1,1,1,0,0,0,-95,1,6,1,94112767,0,110,0,0,94.2953,384,[110 96 6 0 0 0 0 0 0 0 0 0 -1 -21 0 -20 1 -21 2 -20 2 -21 2 -19 3 -20 3 -20 3 -20 4 -20 5 -20 5 -19 5 -19 5 -18 5 -18 5 -19 4 -17 5 -18 5 -17 4 -17 5 -17 4 -17 4 -17 5 -17 4 -16 4 -16 0 0 3 -16 3 -17 2 -16 2 -17 2 -16 2 -16 2 -16 1 -16 0 -16 0 -16 0 -16 0 -16 0 -16 -1 -16 -1 -17 -2 -16 -1 -16 -2 -16 -3 -16 -3 -16 -3 -16 -3 -16 -3 -16 -4 -16 -4 -16 -4 -16 0 0 0 0 0 0 0 0 0 0 ]
CSI_DATA,STA,94:B9:7E:D9:DB:AD,-54,11,1,7,1,1,1,1,0,0,0,-95,1,6,1,95115239,0,110,0,0,95.2978,384,[110 96 6 0 0 0 0 0 0 0 0 0 3 -20 4 -20 5 -20 5 -19 6 -20 6 -19 6 -19 7 -19 7 -19 8 -18 8 -18 8 -17 9 -17 8 -17 8 -17 8 -17 8 -16 8 -16 8 -16 8 -16 8 -16 8 -16 8 -15 8 -15 7 -15 7 -15 0 0 6 -15 7 -15 6 -15 6 -15 6 -14 5 -15 5 -15 5 -15 4 -15 4 -16 4 -15 4 -15 4 -16 3 -16 3 -16 2 -16 3 -16 2 -16 2 -16 1 -16 1 -16 1 -17 1 -16 1 -16 1 -17 1 -16 0 0 0 0 0 0 0 0 0 0 ]
CSI_DATA,STA,94:B9:7E:D9:DB:AD,-54,11,1,7,1,1,1,1,0,0,0,-95,1,6,1,96123305,0,110,0,0,96.3059,384,[110 96 6 0 0 0 0 0 0 0 0 0 1 -20 2 -20 2 -20 3 -20 3 -20 3 -19 4 -19 4 -19 5 -19 5 -19 5 -19 5 -19 6 -18 6 -18 6 -18 6 -18 6 -17 6 -17 6 -17 6 -17 6 -16 5 -16 5 -17 5 -16 5 -16 5 -16 0 0 4 -16 4 -16 4 -16 3 -16 3 -15 3 -16 3 -16 3 -16 2 -16 2 -16 1 -16 1 -16 1 -16 1 -16 1 -16 0 -16 0 -16 -1 -16 0 -16 -1 -16 -1 -16 -1 -16 -2 -16 -2 -16 -2 -16 -2 -16 0 0 0 0 0 0 0 0 0 0 ]
CSI_DATA,STA,94:B9:7E:D9:DB:AD,-54,11,1,7,1,1,1,1,0,0,0,-95,1,6,1,97119621,0,110,0,0,97.3022,384,[110 96 6 0 0 0 0 0 0 0 0 0 3 -20 4 -20 4 -21 5 -20 6 -20 6 -19 6 -19 7 -19 7 -19 7 -18 7 -18 8 -18 8 -18 9 -18 8 -17 8 -17 8 -16 8 -16 8 -16 8 -16 8 -16 7 -16 7 -16 7 -15 7 -16 6 -16 0 0 6 -15 6 -16 6 -15 5 -16 5 -15 5 -15 5 -15 4 -15 4 -15 3 -16 3 -16 3 -16 3 -16 2 -16 2 -16 2 -16 2 -16 1 -16 1 -16 1 -16 0 -16 0 -17 0 -17 0 -17 -1 -17 0 -16 0 0 0 0 0 0 0 0 0 0 ]
CSI_DATA,STA,94:B9:7E:D9:DB:AD,-54,11,1,7,1,1,1,1,0,0,0,-95,1,6,1,98119464,0,110,0,0,98.302,384,[110 96 6 0 0 0 0 0 0 0 0 0 -16 -13 -16 -14 -15 -15 -15 -15 -14 -15 -14 -15 -14 -15 -14 -16 -13 -16 -12 -16 -12 -16 -12 -16 -11 -16 -11 -16 -11 -16 -11 -16 -11 -15 -10 -15 -10 -15 -10 -15 -11 -15 -10 -15 -10 -15 -9 -15 -9 -15 -10 -14 0 0 -10 -14 -10 -14 -10 -13 -11 -13 -10 -12 -11 -12 -11 -12 -11 -12 -11 -12 -12 -12 -11 -11 -12 -11 -12 -11 -12 -11 -12 -11 -13 -11 -13 -11 -12 -11 -13 -10 -14 -10 -14 -10 -14 -10 -14 -10 -14 -10 -14 -10 -14 -9 0 0 0 0 0 0 0 0 0 0 ]
CSI_DATA,STA,94:B9:7E:D9:DB:AD,-54,11,1,7,1,1,1,1,0,0,0,-95,1,6,1,99120133,0,110,0,0,99.3027,384,[110 96 6 0 0 0 0 0 0 0 0 0 -2 19 -2 20 -3 19 -4 20 -4 19 -4 19 -4 19 -5 19 -5 19 -6 18 -6 18 -7 18 -7 17 -7 17 -7 17 -7 17 -7 17 -6 16 -6 16 -6 16 -6 16 -6 16 -6 15 -6 15 -6 15 -5 15 0 0 -5 15 -5 15 -5 15 -4 15 -4 15 -4 15 -4 15 -3 15 -3 15 -2 15 -3 15 -2 15 -2 15 -2 15 -1 15 0 15 0 15 0 15 0 15 0 15 0 15 0 15 1 15 1 15 1 15 2 15 0 0 0 0 0 0 0 0 0 0 ]
CSI_DATA,STA,94:B9:7E:D9:DB:AD,-54,11,1,7,1,1,1,1,0,0,0,-95,1,6,1,100121680,0,110,0,0,100.304,384,[110 96 6 0 0 0 0 0 0 0 0 0 -14 -15 -14 -15 -13 -16 -12 -16 -12 -17 -11 -16 -11 -16 -11 -17 -11 -17 -10 -17 -9 -17 -9 -18 -9 -17 -8 -17 -8 -17 -8 -17 -8 -17 -8 -16 -7 -17 -7 -16 -8 -16 -7 -16 -8 -16 -7 -16 -7 -16 -7 -15 0 0 -8 -15 -8 -15 -8 -15 -8 -15 -8 -14 -8 -14 -8 -14 -9 -14 -9 -14 -9 -13 -9 -13 -9 -13 -9 -13 -10 -13 -10 -13 -10 -13 -10 -13 -10 -12 -11 -12 -11 -12 -11 -12 -11 -12 -11 -12 -11 -12 -12 -12 -12 -12 0 0 0 0 0 0 0 0 0 0 ]
CSI_DATA,STA,94:B9:7E:D9:DB:AD,-54,11,1,6,1,1,1,1,0,0,0,-95,1,6,1,101130106,0,110,0,0,101.313,384,[110 96 6 0 0 0 0 0 0 0 0 0 -4 -18 -3 -18 -3 -19 -2 -19 -1 -19 -1 -18 0 -18 0 -18 0 -18 1 -18 1 -18 2 -18 2 -18 2 -18 2 -17 1 -18 2 -17 2 -17 2 -16 2 -16 2 -16 2 -17 2 -16 2 -16 2 -16 1 -15 0 0 1 -16 1 -16 1 -15 0 -16 0 -15 0 -15 0 -15 -1 -15 -1 -15 -2 -16 -2 -15 -2 -14 -2 -15 -2 -15 -3 -16 -3 -15 -2 -16 -3 -15 -3 -15 -4 -15 -4 -15 -4 -15 -4 -16 -4 -15 -5 -15 -5 -15 0 0 0 0 0 0 0 0 0 0 ]
CSI_DATA,STA,94:B9:7E:D9:DB:AD,-54,11,1,7,1,1,1,1,0,0,0,-95,1,6,1,102122145,0,110,0,0,102.305,384,[110 96 6 0 0 0 0 0 0 0 0 0 19 4 19 4 19 5 19 6 18 6 18 7 18 7 17 8 17 8 17 8 17 8 17 9 16 9 16 9 16 9 15 9 15 9 15 8 15 8 15 9 14 8 14 8 14 8 14 8 14 8 14 8 0 0 14 7 14 7 14 7 14 6 13 6 14 6 14 6 14 5 14 5 14 5 14 5 14 4 14 4 14 4 14 4 15 4 15 3 15 3 15 3 15 3 15 3 15 2 15 2 15 2 15 2 16 2 0 0 0 0 0 0 0 0 0 0 ]
CSI_DATA,STA,94:B9:7E:D9:DB:AD,-54,11,1,6,1,1,1,1,0,0,0,-95,1,6,1,103120953,0,110,0,0,103.304,384,[110 96 6 0 0 0 0 0 0 0 0 0 -15 11 -16 10 -15 10 -16 9 -16 8 -17 8 -16 8 -17 8 -17 7 -17 7 -17 6 -17 6 -17 5 -17 5 -17 6 -16 5 -17 5 -15 5 -16 5 -16 5 -16 5 -16 4 -15 5 -15 5 -15 5 -15 5 0 0 -15 5 -14 5 -15 5 -13 6 -13 6 -14 6 -14 6 -13 6 -13 7 -13 7 -13 7 -13 7 -13 8 -13 8 -13 8 -13 8 -12 8 -12 9 -12 9 -12 9 -12 9 -12 9 -12 9 -11 9 -12 9 -12 10 0 0 0 0 0 0 0 0 0 0 ]
CSI_DATA,STA,94:B9:7E:D9:DB:AD,-53,11,1,5,1,1,1,1,0,0,0,-95,1,6,1,104129243,0,110,0,0,104.312,384,[110 96 6 0 0 0 0 0 0 0 0 0 8 -17 9 -16 10 -16 10 -16 10 -16 10 -15 11 -15 11 -14 11 -15 12 -14 12 -13 12 -13 12 -13 12 -13 12 -12 12 -12 12 -12 12 -12 11 -11 12 -12 12 -12 11 -12 11 -11 11 -11 11 -11 11 -11 0 0 10 -11 10 -12 10 -11 10 -12 9 -11 9 -12 9 -12 9 -12 8 -12 8 -13 8 -12 8 -12 8 -12 7 -13 7 -13 7 -13 7 -14 7 -13 6 -14 6 -14 6 -14 6 -14 6 -14 6 -14 6 -14 6 -14 0 0 0 0 0 0 0 0 0 0 ]
CSI_DATA,STA,94:B9:7E:D9:DB:AD,-54,11,1,6,1,1,1,1,0,0,0,-95,1,6,1,105124441,0,110,0,0,105.307,384,[110 96 6 0 0 0 0 0 0 0 0 0 -16 9 -16 8 -17 8 -17 7 -17 7 -17 6 -17 5 -17 5 -18 5 -17 5 -17 4 -17 4 -17 4 -18 4 -17 3 -17 3 -17 3 -16 3 -16 3 -16 3 -16 2 -16 2 -16 3 -16 3 -16 3 -15 3 0 0 -15 4 -15 4 -15 4 -15 4 -14 4 -15 4 -15 5 -14 4 -14 5 -14 6 -14 6 -14 6 -14 6 -14 7 -14 6 -13 7 -13 7 -13 7 -13 7 -13 7 -13 8 -13 8 -13 8 -13 9 -13 8 -12 9 0 0 0 0 0 0 0 0 0 0 ]
CSI_DATA,STA,94:B9:7E:D9:DB:AD,-53,11,1,5,1,1,1,1,0,0,0,-95,1,6,1,106125870,0,110,0,0,106.308,384,[110 96 6 0 0 0 0 0 0 0 0 0 -14 13 -14 12 -15 12 -15 11 -16 11 -15 10 -15 10 -16 10 -16 9 -16 9 -16 8 -17 8 -16 8 -16 8 -16 7 -16 8 -16 7 -15 7 -15 7 -15 7 -15 7 -15 7 -15 7 -14 7 -15 7 -14 7 0 0 -14 8 -14 7 -14 8 -13 8 -13 8 -13 8 -13 8 -12 8 -13 9 -12 9 -12 9 -12 9 -12 10 -12 9 -12 10 -11 10 -11 10 -11 10 -11 10 -10 11 -10 11 -11 11 -11 11 -10 11 -10 12 -10 12 0 0 0 0 0 0 0 0 0 0 ]
CSI_DATA,STA,94:B9:7E:D9:DB:AD,-53,11,1,5,1,1,1,1,0,0,0,-95,1,6,1,107127283,0,110,0,0,107.31,384,[110 96 6 0 0 0 0 0 0 0 0 0 11 -15 11 -14 12 -14 12 -14 13 -14 13 -13 13 -13 14 -12 14 -12 14 -12 14 -11 15 -11 15 -10 15 -10 14 -10 14 -10 13 -10 13 -10 13 -9 14 -9 13 -9 13 -10 13 -9 13 -9 13 -9 12 -9 0 0 12 -9 12 -10 11 -10 11 -10 11 -10 11 -10 11 -10 11 -11 10 -11 10 -11 10 -11 10 -11 10 -11 10 -11 10 -12 9 -12 10 -12 9 -12 8 -12 8 -13 9 -13 8 -13 9 -13 8 -13 8 -13 8 -13 0 0 0 0 0 0 0 0 0 0 ]
CSI_DATA,STA,94:B9:7E:D9:DB:AD,-54,11,1,6,1,1,1,1,0,0,0,-95,1,6,1,108127169,0,110,0,0,108.31,384,[110 96 6 0 0 0 0 0 0 0 0 0 17 6 16 6 16 7 16 8 16 8 15 8 15 8 15 8 15 9 14 10 14 10 14 10 13 10 14 10 13 10 13 10 12 10 12 10 12 10 12 10 12 10 12 10 11 9 12 9 12 9 12 9 0 0 12 9 12 9 12 8 12 8 11 7 12 8 12 7 12 7 12 7 12 6 12 6 12 6 13 6 13 6 13 6 13 5 13 6 13 5 13 5 14 5 13 5 13 5 14 4 14 4 14 4 14 4 0 0 0 0 0 0 0 0 0 0 ]
CSI_DATA,STA,94:B9:7E:D9:DB:AD,-54,11,1,6,1,1,1,1,0,0,0,-95,1,6,1,109134095,0,110,0,0,109.317,384,[110 96 6 0 0 0 0 0 0 0 0 0 9 15 9 15 8 16 7 16 7 16 7 16 6 16 6 16 6 16 5 16 5 17 5 16 4 16 4 16 4 16 4 16 3 16 4 15 3 15 4 15 4 15 4 15 4 14 3 14 4 14 4 14 0 0 4 14 4 14 4 14 5 13 5 13 5 13 5 13 6 13 6 13 6 12 6 13 6 12 6 12 7 12 7 12 7 12 7 12 8 11 8 12 8 11 9 11 8 12 9 11 9 11 9 11 9 11 0 0 0 0 0 0 0 0 0 0 ]
CSI_DATA,STA,94:B9:7E:D9:DB:AD,-54,11,1,6,1,1,1,1,0,0,0,-95,1,6,1,110130172,0,110,0,0,110.313,384,[110 96 6 0 0 0 0 0 0 0 0 0 -6 16 -7 16 -8 17 -9 16 -9 16 -9 16 -9 15 -10 15 -10 15 -10 15 -10 14 -10 14 -11 14 -11 14 -11 13 -11 13 -11 13 -10 13 -10 12 -10 12 -10 13 -10 13 -9 12 -9 13 -9 12 -9 12 0 0 -8 12 -9 12 -8 13 -8 12 -7 12 -7 13 -8 12 -7 12 -7 12 -6 13 -6 13 -6 13 -6 14 -6 14 -5 13 -5 14 -4 13 -4 14 -4 14 -4 14 -4 14 -4 14 -3 14 -3 14 -3 15 -3 15 0 0 0 0 0 0 0 0 0 0 ]
CSI_DATA,STA,94:B9:7E:D9:DB:AD,-54,11,1,7,1,1,1,1,0,0,0,-95,1,6,1,111131299,0,110,0,0,111.314,384,[110 96 6 0 0 0 0 0 0 0 0 0 19 -3 19 -2 20 -2 19 -1 20 -1 19 0 19 1 19 1 19 1 19 2 19 2 19 2 18 3 18 3 18 2 18 3 17 3 17 3 17 3 17 3 17 2 17 3 16 2 16 2 16 2 16 2 0 0 16 1 16 1 15 1 15 1 15 0 15 0 15 0 15 -1 15 -1 15 -1 15 -1 15 -1 15 -1 15 -2 15 -2 15 -2 15 -3 15 -3 15 -3 15 -4 15 -4 15 -4 15 -4 15 -4 15 -4 15 -5 0 0 0 0 0 0 0 0 0 0 ]
CSI_DATA,STA,94:B9:7E:D9:DB:AD,-54,11,1,7,1,1,1,1,0,0,0,-95,1,6,1,112130711,0,110,0,0,112.313,384,[110 96 6 0 0 0 0 0 0 0 0 0 8 -19 9 -18 9 -18 9 -18 10 -18 10 -17 10 -17 11 -16 11 -16 12 -16 12 -15 12 -14 12 -14 13 -14 12 -14 12 -14 11 -14 11 -14 11 -13 11 -13 11 -13 11 -13 11 -13 11 -12 11 -13 10 -13 0 0 10 -13 9 -13 9 -13 9 -14 9 -13 8 -13 9 -13 8 -13 8 -14 8 -14 7 -14 7 -14 7 -14 7 -14 6 -15 6 -15 6 -15 6 -14 5 -14 5 -15 5 -15 5 -15 5 -15 5 -15 5 -16 4 -16 0 0 0 0 0 0 0 0 0 0 ]
CSI_DATA,STA,94:B9:7E:D9:DB:AD,-54,11,1,7,1,1,1,1,0,0,0,-95,1,6,1,113140701,0,110,0,0,113.323,384,[110 96 6 0 0 0 0 0 0 0 0 0 -20 -1 -21 -2 -21 -2 -21 -3 -20 -3 -20 -4 -19 -4 -20 -5 -20 -5 -19 -6 -19 -6 -19 -6 -19 -6 -18 -6 -18 -6 -18 -6 -18 -6 -18 -6 -17 -6 -17 -6 -17 -6 -17 -6 -17 -6 -16 -6 -16 -6 -16 -6 0 0 -16 -5 -16 -5 -16 -5 -16 -4 -16 -4 -16 -4 -16 -4 -16 -4 -16 -3 -16 -3 -16 -3 -16 -2 -16 -2 -16 -2 -16 -2 -16 -1 -16 -1 -16 -1 -16 0 -16 0 -16 0 -17 0 -17 0 -16 0 -16 1 -16 1 0 0 0 0 0 0 0 0 0 0 ]
CSI_DATA,STA,94:B9:7E:D9:DB:AD,-54,11,1,7,1,1,1,1,0,0,0,-95,1,6,1,114134450,0,110,0,0,114.317,384,[110 96 6 0 0 0 0 0 0 0 0 0 -15 -14 -14 -15 -14 -15 -13 -15 -14 -16 -13 -16 -13 -16 -12 -17 -12 -17 -11 -17 -11 -17 -10 -17 -10 -17 -10 -17 -10 -17 -10 -17 -10 -16 -10 -16 -9 -16 -9 -16 -9 -16 -9 -16 -9 -15 -9 -15 -9 -15 -9 -15 0 0 -9 -14 -9 -14 -9 -14 -10 -14 -10 -13 -10 -13 -10 -13 -10 -13 -11 -13 -11 -12 -11 -12 -11 -12 -11 -12 -11 -11 -12 -11 -12 -11 -12 -11 -12 -11 -13 -10 -13 -10 -13 -10 -13 -10 -13 -10 -14 -10 -14 -10 -14 -9 0 0 0 0 0 0 0 0 0 0 ]
CSI_DATA,STA,94:B9:7E:D9:DB:AD,-54,11,1,7,1,1,1,1,0,0,0,-95,1,6,1,115137315,0,110,0,0,115.32,384,[110 96 6 0 0 0 0 0 0 0 0 0 -1 19 -2 20 -3 20 -3 20 -3 19 -4 19 -4 19 -4 19 -4 19 -5 18 -5 18 -6 18 -6 18 -7 17 -6 17 -7 17 -6 17 -6 17 -6 17 -6 16 -6 16 -6 16 -5 16 -6 15 -5 15 -5 16 0 0 -4 16 -4 15 -4 15 -3 15 -3 15 -3 15 -3 15 -2 15 -2 15 -1 15 -2 15 -2 15 -1 15 -1 15 0 15 0 15 0 15 0 15 1 16 1 15 1 15 1 15 2 15 2 15 2 15 2 15 0 0 0 0 0 0 0 0 0 0 ]
CSI_DATA,STA,94:B9:7E:D9:DB:AD,-54,11,1,7,1,1,1,1,0,0,0,-95,1,6,1,116134531,0,110,0,0,116.317,384,[110 96 6 0 0 0 0 0 0 0 0 0 -20 3 -20 3 -21 2 -20 2 -21 1 -20 0 -20 0 -20 0 -20 -1 -20 -1 -20 -2 -20 -2 -19 -2 -19 -2 -19 -2 -19 -2 -18 -3 -18 -3 -18 -2 -18 -3 -18 -3 -18 -2 -17 -2 -17 -3 -17 -2 -17 -2 0 0 -17 -2 -17 -2 -16 -1 -16 -1 -16 -1 -16 -1 -16 0 -17 0 -16 0 -16 0 -16 1 -16 1 -16 2 -16 1 -16 2 -16 2 -16 2 -16 3 -16 3 -16 3 -16 3 -16 3 -16 3 -16 4 -16 4 -16 4 0 0 0 0 0 0 0 0 0 0 ]
CSI_DATA,STA,94:B9:7E:D9:DB:AD,-54,11,1,7,1,1,1,1,0,0,0,-95,1,6,1,117139258,0,110,0,0,117.322,384,[110 96 6 0 0 0 0 0 0 0 0 0 19 3 19 4 19 4 19 5 19 5 18 5 18 6 18 6 18 6 18 7 17 7 17 8 17 8 17 8 16 7 16 8 16 7 16 7 15 8 16 7 15 7 15 7 15 7 14 7 15 7 15 6 0 0 14 6 14 6 14 6 14 5 14 5 14 5 15 4 14 4 14 4 14 3 14 3 15 3 15 3 15 3 15 2 15 2 16 2 15 1 15 1 16 1 15 1 16 1 16 0 15 0 15 0 16 0 0 0 0 0 0 0 0 0 0 0 ]
CSI_DATA,STA,94:B9:7E:D9:DB:AD,-54,11,1,7,1,1,1,1,0,0,0,-95,1,6,1,118145181,0,110,0,0,118.328,384,[110 96 6 0 0 0 0 0 0 0 0 0 -2 19 -3 19 -4 20 -5 19 -5 19 -5 19 -6 18 -6 18 -6 18 -7 18 -7 18 -7 17 -8 17 -8 16 -8 16 -8 16 -7 16 -8 16 -7 15 -7 15 -7 15 -7 15 -7 15 -7 15 -7 15 -7 14 0 0 -6 15 -6 15 -6 15 -5 15 -6 14 -5 14 -5 14 -5 14 -4 14 -4 15 -4 15 -4 15 -3 15 -3 15 -3 15 -3 15 -3 15 -2 15 -2 15 -1 15 -2 16 -1 15 -1 15 -1 15 -1 15 0 15 0 0 0 0 0 0 0 0 0 0 ]
CSI_DATA,STA,94:B9:7E:D9:DB:AD,-54,11,1,6,1,1,1,1,0,0,0,-95,1,6,1,119141277,0,110,0,0,119.324,384,[110 96 6 0 0 0 0 0 0 0 0 0 -16 8 -16 8 -17 8 -18 7 -17 6 -17 6 -17 6 -17 6 -18 5 -17 5 -17 4 -17 4 -17 4 -17 4 -18 4 -17 3 -17 3 -16 3 -16 3 -16 3 -16 3 -16 3 -15 3 -15 3 -16 3 -15 3 0 0 -15 4 -15 4 -15 4 -14 4 -14 4 -14 4 -14 5 -14 5 -14 5 -14 5 -13 6 -14 6 -14 7 -13 7 -13 6 -14 7 -13 7 -12 7 -13 8 -12 8 -12 8 -13 8 -12 8 -12 8 -13 9 -12 9 0 0 0 0 0 0 0 0 0 0 ]
CSI_DATA,STA,94:B9:7E:D9:DB:AD,-54,11,1,6,1,1,1,1,0,0,0,-95,1,6,1,120147305,0,110,0,0,120.33,384,[110 96 6 0 0 0 0 0 0 0 0 0 7 -17 8 -16 8 -17 9 -15 10 -16 9 -15 10 -15 10 -15 10 -15 11 -15 11 -14 11 -14 11 -14 11 -13 11 -13 11 -13 11 -12 10 -13 10 -12 11 -12 10 -12 10 -12 10 -12 10 -12 10 -12 9 -12 0 0 9 -12 9 -12 9 -12 8 -12 8 -12 8 -12 8 -12 7 -13 7 -13 7 -14 7 -13 7 -13 7 -13 6 -13 6 -14 6 -13 6 -14 5 -14 5 -14 4 -14 4 -14 5 -15 5 -15 4 -15 4 -15 4 -15 0 0 0 0 0 0 0 0 0 0 ]
CSI_DATA,STA,94:B9:7E:D9:DB:AD,-54,11,1,6,1,1,1,1,0,0,0,-95,1,6,1,121141215,0,110,0,0,121.324,384,[110 96 6 0 0 0 0 0 0 0 0 0 -14 -13 -14 -13 -13 -14 -13 -14 -13 -14 -12 -14 -12 -14 -11 -14 -11 -15 -11 -15 -10 -15 -10 -16 -10 -15 -9 -15 -10 -15 -9 -15 -9 -15 -9 -15 -8 -14 -8 -14 -9 -14 -8 -15 -9 -14 -8 -14 -9 -14 -9 -14 0 0 -9 -13 -9 -13 -9 -13 -9 -13 -9 -12 -9 -12 -9 -12 -10 -12 -10 -12 -11 -12 -10 -11 -11 -11 -11 -12 -11 -11 -11 -11 -11 -11 -11 -11 -11 -10 -11 -10 -12 -10 -12 -10 -12 -10 -12 -10 -12 -9 -13 -10 -13 -9 0 0 0 0 0 0 0 0 0 0 ]
CSI_DATA,STA,94:B9:7E:D9:DB:AD,-53,11,1,5,1,1,1,1,0,0,0,-95,1,6,1,122147324,0,110,0,0,122.33,384,[110 96 6 0 0 0 0 0 0 0 0 0 18 1 18 1 18 3 18 3 17 3 17 4 17 5 17 5 17 5 17 6 16 6 16 6 16 6 16 7 16 7 15 7 15 7 15 7 14 7 14 7 14 7 14 7 14 6 14 6 14 6 14 6 0 0 13 6 14 6 14 5 14 5 13 4 13 4 14 5 13 4 14 4 14 3 14 3 14 3 14 3 15 3 14 3 14 2 14 3 14 2 14 2 14 2 15 2 15 2 15 1 15 1 15 1 15 1 0 0 0 0 0 0 0 0 0 0 ]
CSI_DATA,STA,94:B9:7E:D9:DB:AD,-53,11,1,5,1,1,1,1,0,0,0,-95,1,6,1,123143666,0,110,0,0,123.326,384,[110 96 6 0 0 0 0 0 0 0 0 0 -12 -15 -12 -15 -11 -16 -11 -16 -10 -16 -10 -17 -9 -16 -9 -17 -8 -17 -8 -16 -8 -17 -7 -17 -7 -17 -7 -17 -7 -17 -7 -17 -7 -16 -7 -16 -6 -16 -6 -16 -6 -16 -6 -16 -6 -15 -6 -15 -6 -16 -6 -16 0 0 -7 -15 -7 -14 -7 -14 -7 -14 -7 -14 -8 -14 -7 -14 -8 -13 -8 -13 -8 -13 -8 -13 -9 -13 -9 -13 -9 -13 -9 -12 -10 -13 -10 -12 -10 -12 -10 -12 -10 -12 -11 -12 -11 -12 -11 -12 -11 -11 -11 -12 -12 -11 0 0 0 0 0 0 0 0 0 0 ]
CSI_DATA,STA,94:B9:7E:D9:DB:AD,-53,11,1,5,1,1,1,1,0,0,0,-95,1,6,1,124144818,0,110,0,0,124.327,384,[110 96 6 0 0 0 0 0 0 0 0 0 -1 -19 0 -19 1 -20 1 -19 2 -20 2 -18 3 -19 3 -18 4 -18 4 -18 4 -18 5 -18 5 -18 5 -17 5 -17 5 -17 5 -17 5 -16 5 -16 5 -16 5 -16 5 -16 5 -16 5 -15 5 -16 4 -15 0 0 5 -15 4 -15 4 -15 3 -15 4 -15 3 -15 3 -15 3 -15 3 -15 2 -16 2 -15 2 -15 2 -15 2 -15 1 -15 1 -16 1 -16 1 -15 1 -16 0 -16 0 -16 0 -16 0 -16 0 -16 -1 -16 -1 -16 0 0 0 0 0 0 0 0 0 0 ]
CSI_DATA,STA,94:B9:7E:D9:DB:AD,-53,11,1,5,1,1,1,1,0,0,0,-95,1,6,1,125144593,0,110,0,0,125.327,384,[110 96 6 0 0 0 0 0 0 0 0 0 10 -16 11 -15 12 -15 12 -15 12 -15 12 -13 12 -13 13 -13 13 -13 14 -13 14 -12 14 -12 14 -11 14 -11 13 -11 14 -11 13 -11 13 -11 13 -10 13 -10 13 -10 13 -10 13 -10 12 -10 13 -10 12 -10 0 0 11 -10 12 -10 11 -10 11 -11 11 -10 11 -11 10 -11 10 -11 10 -11 10 -12 9 -11 10 -11 9 -12 9 -12 9 -12 9 -12 9 -13 8 -13 8 -13 8 -13 8 -13 8 -14 8 -14 8 -13 8 -14 7 -14 0 0 0 0 0 0 0 0 0 0 ]
CSI_DATA,STA,94:B9:7E:D9:DB:AD,-54,11,1,6,1,1,1,1,0,0,0,-95,1,6,1,126148408,0,110,0,0,126.331,384,[110 96 6 0 0 0 0 0 0 0 0 0 16 8 16 8 15 9 15 9 15 10 14 10 14 10 14 10 14 10 14 11 13 11 13 11 12 11 12 11 12 11 12 11 12 11 12 11 11 11 11 11 11 10 11 10 11 10 11 10 11 10 11 10 0 0 11 9 11 9 11 9 12 9 11 8 12 8 12 8 12 7 12 7 12 7 12 7 12 7 12 7 13 6 13 6 13 6 14 6 13 5 14 5 13 5 14 5 13 5 14 5 14 4 14 4 14 4 0 0 0 0 0 0 0 0 0 0 ]
CSI_DATA,STA,94:B9:7E:D9:DB:AD,-54,11,1,6,1,1,1,1,0,0,0,-95,1,6,1,127149950,0,110,0,0,127.333,384,[110 96 6 0 0 0 0 0 0 0 0 0 -18 0 -18 -1 -19 -2 -18 -2 -18 -2 -17 -3 -18 -3 -17 -3 -17 -3 -17 -4 -17 -5 -17 -5 -17 -5 -17 -6 -16 -5 -17 -5 -16 -5 -16 -5 -15 -5 -15 -5 -16 -5 -15 -5 -15 -5 -15 -5 -15 -5 -15 -5 0 0 -15 -4 -15 -3 -14 -3 -15 -3 -14 -3 -15 -2 -15 -2 -14 -2 -15 -2 -15 -1 -14 -2 -15 -1 -15 -1 -15 -1 -15 0 -15 0 -15 0 -14 0 -15 1 -15 1 -15 1 -15 1 -15 1 -15 1 -15 1 -15 2 0 0 0 0 0 0 0 0 0 0 ]
CSI_DATA,STA,94:B9:7E:D9:DB:AD,-54,11,1,6,1,1,1,1,0,0,0,-95,1,6,1,128149756,0,110,0,0,128.332,384,[110 96 6 0 0 0 0 0 0 0 0 0 12 13 12 13 11 14 10 14 10 15 10 14 9 14 9 15 9 15 8 15 8 15 8 15 7 15 7 15 7 15 7 15 6 15 7 15 6 14 6 14 6 14 6 14 6 14 5 13 6 14 6 13 0 0 6 13 6 13 6 13 7 13 7 12 7 12 7 12 7 12 8 12 8 12 8 12 8 12 8 11 8 11 8 11 9 11 9 11 9 11 9 11 10 11 10 11 9 11 10 11 10 10 10 10 10 10 0 0 0 0 0 0 0 0 0 0 ]
CSI_DATA,STA,94:B9:7E:D9:DB:AD,-54,11,1,7,1,1,1,1,0,0,0,-95,1,6,1,129148421,0,110,0,0,129.331,384,[110 96 6 0 0 0 0 0 0 0 0 0 -18 -11 -17 -11 -17 -13 -16 -12 -16 -13 -16 -13 -15 -14 -15 -14 -15 -14 -15 -14 -14 -15 -14 -15 -13 -15 -13 -15 -13 -14 -13 -15 -12 -14 -13 -14 -12 -14 -12 -14 -12 -14 -12 -14 -12 -13 -11 -13 -11 -13 -11 -13 0 0 -12 -12 -12 -12 -12 -11 -12 -12 -12 -11 -12 -11 -12 -11 -13 -11 -13 -10 -13 -10 -13 -10 -13 -9 -13 -10 -13 -9 -14 -9 -14 -8 -14 -9 -14 -9 -14 -8 -15 -8 -15 -8 -15 -8 -15 -8 -15 -7 -15 -7 -15 -7 0 0 0 0 0 0 0 0 0 0 ]
CSI_DATA,STA,94:B9:7E:D9:DB:AD,-54,11,1,7,1,1,1,1,0,0,0,-95,1,6,1,130155211,0,110,0,0,130.338,384,[110 96 6 0 0 0 0 0 0 0 0 0 -7 -19 -6 -20 -6 -20 -5 -20 -5 -20 -5 -20 -3 -20 -3 -20 -3 -20 -3 -20 -2 -20 -2 -20 -1 -20 -1 -19 -1 -19 -1 -19 -1 -19 -1 -18 -1 -18 0 -18 -1 -18 0 -18 -1 -18 -1 -17 -1 -17 -1 -17 0 0 -1 -17 -1 -17 -1 -17 -2 -16 -2 -16 -2 -16 -2 -16 -2 -16 -3 -16 -3 -16 -4 -16 -4 -16 -4 -16 -4 -16 -4 -16 -4 -16 -4 -16 -5 -15 -5 -16 -5 -16 -6 -16 -6 -16 -6 -15 -6 -15 -6 -16 -6 -15 0 0 0 0 0 0 0 0 0 0 ]
CSI_DATA,STA,94:B9:7E:D9:DB:AD,-54,11,1,7,1,1,1,1,0,0,0,-95,1,6,1,131151489,0,110,0,0,131.334,384,[110 96 6 0 0 0 0 0 0 0 0 0 4 21 4 22 3 22 2 22 2 22 2 22 1 22 0 22 0 22 0 22 -1 21 -2 21 -2 21 -2 21 -3 21 -2 20 -3 20 -3 20 -2 20 -2 19 -2 19 -2 19 -2 19 -2 18 -2 18 -2 18 0 0 -1 18 -2 18 -1 17 0 18 0 16 0 17 0 17 1 17 1 17 1 17 1 17 2 17 2 17 2 17 3 17 3 17 3 17 4 17 4 17 4 17 4 17 4 17 5 16 4 16 5 17 5 16 0 0 0 0 0 0 0 0 0 0 ]
CSI_DATA,STA,94:B9:7E:D9:DB:AD,-54,11,1,7,1,1,1,1,0,0,0,-95,1,6,1,132150328,0,110,0,0,132.333,384,[110 96 6 0 0 0 0 0 0 0 0 0 12 15 12 15 11 16 10 16 10 17 10 16 10 16 9 17 9 17 8 17 7 17 7 17 7 17 6 17 7 17 6 17 6 16 6 16 6 16 6 16 6 16 6 15 6 15 6 15 6 15 6 15 0 0 7 14 6 14 7 14 7 13 7 13 7 13 7 13 8 13 8 13 8 13 8 13 8 12 8 12 9 12 9 12 9 11 10 11 10 12 10 11 10 11 11 11 10 11 11 11 11 11 11 10 11 11 0 0 0 0 0 0 0 0 0 0 ]
CSI_DATA,STA,94:B9:7E:D9:DB:AD,-54,11,1,7,1,1,1,1,0,0,0,-95,1,6,1,133153906,0,110,0,0,133.336,384,[110 96 6 0 0 0 0 0 0 0 0 0 -2 20 -3 20 -3 20 -4 19 -4 19 -5 19 -5 19 -5 19 -6 19 -6 18 -6 18 -6 18 -7 17 -7 17 -7 17 -7 17 -7 17 -7 16 -7 16 -7 16 -7 16 -7 15 -6 16 -6 15 -6 15 -6 15 0 0 -5 15 -5 15 -5 15 -5 15 -4 14 -4 15 -4 15 -3 15 -3 15 -3 15 -3 15 -2 15 -2 15 -2 15 -1 15 -1 15 -1 15 -1 15 -1 16 0 15 0 16 -1 16 0 15 1 15 1 15 1 15 0 0 0 0 0 0 0 0 0 0 ]
CSI_DATA,STA,94:B9:7E:D9:DB:AD,-54,11,1,7,1,1,1,1,0,0,0,-95,1,6,1,134152691,0,110,0,0,134.335,384,[110 96 6 0 0 0 0 0 0 0 0 0 19 4 19 5 19 6 18 6 18 7 18 7 18 7 17 8 18 8 17 8 17 9 16 9 16 9 16 9 16 9 16 9 15 9 15 9 14 8 15 8 15 8 15 8 15 8 14 8 14 8 14 7 0 0 14 7 14 7 14 6 14 6 14 6 14 6 14 5 14 5 14 4 15 4 15 4 14 4 15 3 15 3 15 3 15 3 16 3 15 2 15 2 15 1 15 1 15 1 16 1 15 1 15 1 15 0 0 0 0 0 0 0 0 0 0 0 ]
CSI_DATA,STA,94:B9:7E:D9:DB:AD,-54,11,1,7,1,1,1,1,0,0,0,-95,1,6,1,135154522,0,110,0,0,135.337,384,[110 96 6 0 0 0 0 0 0 0 0 0 5 19 5 19 4 20 3 19 3 20 3 19 2 19 2 19 1 19 1 19 0 19 1 19 0 19 0 18 0 18 0 18 -1 17 0 18 0 16 0 17 0 17 0 17 0 17 0 16 0 16 1 16 0 0 1 16 1 16 1 15 2 15 2 15 3 15 2 15 3 15 3 15 4 15 4 15 4 14 4 14 4 14 5 14 5 14 6 14 6 13 6 14 7 14 7 13 6 14 8 14 8 13 8 13 8 13 0 0 0 0 0 0 0 0 0 0 ]
CSI_DATA,STA,94:B9:7E:D9:DB:AD,-54,11,1,7,1,1,1,1,0,0,0,-95,1,6,1,136160978,0,110,0,0,136.344,384,[110 96 6 0 0 0 0 0 0 0 0 0 18 -8 17 -8 19 -7 19 -6 19 -6 18 -5 19 -5 19 -4 19 -4 19 -4 19 -3 18 -2 18 -2 18 -2 17 -2 18 -2 17 -2 17 -2 17 -2 17 -2 17 -1 16 -2 17 -2 16 -2 16 -2 16 -2 0 0 15 -2 16 -3 15 -3 15 -4 14 -4 15 -4 15 -4 15 -5 14 -5 14 -5 14 -5 14 -5 14 -6 14 -6 14 -7 13 -7 14 -7 13 -7 14 -8 13 -8 14 -8 14 -8 14 -8 13 -8 13 -9 13 -9 0 0 0 0 0 0 0 0 0 0 ]
CSI_DATA,STA,94:B9:7E:D9:DB:AD,-54,11,1,7,1,1,1,1,0,0,0,-95,1,6,1,137156097,0,110,0,0,137.339,384,[110 96 6 0 0 0 0 0 0 0 0 0 -11 17 -11 16 -12 16 -12 16 -13 15 -13 15 -13 15 -13 14 -14 14 -14 14 -14 13 -14 13 -14 13 -14 12 -14 13 -14 12 -14 12 -13 12 -14 11 -13 11 -13 12 -13 12 -13 11 -12 11 -13 11 -12 11 0 0 -12 11 -11 11 -11 11 -11 11 -10 12 -10 12 -10 12 -10 12 -10 12 -9 13 -9 12 -9 13 -9 13 -8 13 -8 13 -8 14 -8 13 -7 13 -7 14 -7 14 -6 14 -7 14 -6 14 -6 14 -6 15 -6 15 0 0 0 0 0 0 0 0 0 0 ]
CSI_DATA,STA,94:B9:7E:D9:DB:AD,-54,11,1,7,1,1,1,1,0,0,0,-95,1,6,1,138157708,0,110,0,0,138.34,384,[110 96 6 0 0 0 0 0 0 0 0 0 7 -19 7 -18 8 -19 8 -18 9 -18 9 -17 10 -17 11 -17 11 -17 11 -16 11 -16 11 -16 12 -15 12 -15 11 -15 12 -15 11 -14 11 -14 11 -13 11 -13 11 -13 11 -13 11 -14 11 -13 10 -13 10 -13 0 0 10 -13 10 -13 9 -13 9 -13 9 -13 9 -13 9 -13 9 -13 8 -14 8 -14 7 -14 8 -14 7 -14 7 -14 7 -15 6 -14 7 -15 6 -15 6 -15 6 -15 6 -15 6 -15 6 -16 6 -15 5 -15 5 -15 0 0 0 0 0 0 0 0 0 0 ]
CSI_DATA,STA,94:B9:7E:D9:DB:AD,-54,11,1,7,1,1,1,1,0,0,0,-95,1,6,1,139161370,0,110,0,0,139.344,384,[110 96 6 0 0 0 0 0 0 0 0 0 -1 19 -2 20 -3 20 -4 19 -4 19 -4 19 -5 19 -5 19 -5 18 -6 18 -6 18 -6 18 -6 18 -7 17 -6 17 -7 17 -6 17 -6 16 -6 16 -7 16 -7 16 -7 15 -6 16 -5 16 -5 16 -5 15 0 0 -5 15 -5 15 -4 15 -4 15 -4 15 -4 15 -4 15 -3 15 -3 15 -2 15 -2 15 -2 15 -2 15 -2 15 -1 15 -1 15 -1 15 0 15 0 15 0 15 0 15 0 16 1 15 1 15 2 15 2 15 0 0 0 0 0 0 0 0 0 0 ]
CSI_DATA,STA,94:B9:7E:D9:DB:AD,-54,11,1,7,1,1,1,1,0,0,0,-95,1,6,1,140159335,0,110,0,0,140.342,384,[110 96 6 0 0 0 0 0 0 0 0 0 14 13 15 13 13 14 13 14 12 14 12 14 12 15 12 15 11 16 11 15 10 16 10 15 9 16 9 16 9 16 9 16 9 15 9 15 8 15 9 14 8 14 9 14 9 14 8 14 8 14 9 13 0 0 9 13 9 13 9 13 9 12 9 12 9 11 10 11 10 11 10 12 10 11 10 11 10 11 11 10 11 10 11 10 11 10 12 10 12 9 12 10 12 9 12 9 12 9 13 9 12 9 13 9 13 8 0 0 0 0 0 0 0 0 0 0 ]
CSI_DATA,STA,94:B9:7E:D9:DB:AD,-54,11,1,7,1,1,1,1,0,0,0,-95,1,6,1,141161215,0,110,0,0,141.344,384,[110 96 6 0 0 0 0 0 0 0 0 0 -16 12 -17 11 -18 10 -18 10 -18 9 -17 9 -18 8 -18 8 -18 8 -18 7 -18 7 -19 7 -18 7 -18 6 -18 6 -18 6 -18 6 -17 5 -17 5 -17 5 -17 5 -17 5 -16 6 -16 6 -17 6 -16 6 0 0 -16 6 -15 6 -15 6 -15 7 -14 7 -14 6 -15 7 -14 7 -14 7 -14 8 -13 8 -13 8 -14 9 -13 9 -13 9 -13 9 -13 9 -12 9 -12 10 -12 10 -12 10 -13 10 -12 10 -12 11 -12 11 -11 11 0 0 0 0 0 0 0 0 0 0 ]
CSI_DATA,STA,94:B9:7E:D9:DB:AD,-54,11,1,7,1,1,1,1,0,0,0,-95,1,6,1,142164141,0,110,0,0,142.347,384,[110 96 6 0 0 0 0 0 0 0 0 0 -15 13 -16 13 -16 12 -17 11 -17 11 -17 10 -17 10 -17 10 -18 9 -18 9 -17 9 -18 9 -17 8 -17 8 -17 8 -17 8 -17 7 -16 7 -16 7 -16 7 -16 7 -16 7 -16 7 -16 7 -15 7 -15 7 0 0 -15 7 -15 7 -15 8 -14 8 -13 8 -14 8 -14 8 -13 8 -13 9 -13 9 -12 10 -12 10 -12 10 -12 10 -12 10 -12 10 -12 11 -11 11 -11 11 -11 11 -11 11 -12 11 -11 12 -10 12 -10 12 -10 12 0 0 0 0 0 0 0 0 0 0 ]
CSI_DATA,STA,94:B9:7E:D9:DB:AD,-54,11,1,7,1,1,1,1,0,0,0,-95,1,6,1,143161148,0,110,0,0,143.344,384,[110 96 6 0 0 0 0 0 0 0 0 0 -2 -21 -1 -20 0 -21 0 -20 1 -21 1 -20 1 -20 2 -20 3 -20 3 -20 3 -19 4 -19 4 -19 4 -19 4 -18 4 -18 4 -18 4 -18 4 -17 4 -18 4 -17 4 -18 3 -17 4 -17 4 -17 3 -16 0 0 3 -17 2 -16 2 -16 2 -17 1 -15 2 -16 1 -16 1 -16 0 -16 0 -16 0 -16 0 -16 0 -16 0 -16 -1 -16 -2 -16 -1 -16 -2 -16 -1 -15 -2 -16 -3 -16 -3 -16 -3 -16 -3 -16 -4 -16 -4 -16 0 0 0 0 0 0 0 0 0 0 ]
CSI_DATA,STA,94:B9:7E:D9:DB:AD,-54,11,1,7,1,1,1,1,0,0,0,-95,1,6,1,144162778,0,110,0,0,144.345,384,[110 96 6 0 0 0 0 0 0 0 0 0 -17 10 -18 10 -18 10 -18 9 -18 8 -18 9 -18 9 -18 8 -18 7 -19 7 -19 6 -19 6 -19 5 -18 5 -18 5 -18 5 -18 5 -17 5 -18 5 -17 5 -17 5 -17 5 -17 5 -16 4 -17 4 -16 5 0 0 -15 5 -15 5 -15 5 -15 6 -15 6 -14 6 -14 7 -15 7 -14 7 -14 7 -14 7 -14 7 -14 8 -14 8 -14 8 -14 9 -13 8 -13 9 -13 9 -12 9 -13 10 -13 9 -13 9 -13 10 -12 10 -12 10 0 0 0 0 0 0 0 0 0 0 ]
CSI_DATA,STA,94:B9:7E:D9:DB:AD,-54,11,1,7,1,1,1,1,0,0,0,-95,1,6,1,145164361,0,110,0,0,145.347,384,[110 96 6 0 0 0 0 0 0 0 0 0 20 -2 20 -2 20 -1 19 0 19 0 19 1 19 2 19 2 19 2 19 2 19 2 18 3 18 3 18 3 18 3 18 4 17 4 17 3 17 4 17 4 17 4 16 4 16 3 16 3 16 3 16 3 0 0 15 2 16 3 16 2 15 2 15 2 15 1 15 1 15 1 15 1 15 0 15 0 15 -1 15 0 16 -1 15 -1 15 -1 16 -1 15 -2 15 -1 15 -2 16 -2 15 -2 16 -3 15 -3 15 -3 15 -3 0 0 0 0 0 0 0 0 0 0 ]
CSI_DATA,STA,94:B9:7E:D9:DB:AD,-54,11,1,7,1,1,1,1,0,0,0,-95,1,6,1,146167201,0,110,0,0,146.35,384,[110 96 6 0 0 0 0 0 0 0 0 0 20 2 19 2 19 3 19 4 19 4 19 4 19 4 18 5 18 5 18 6 17 7 17 7 17 7 17 7 17 7 16 7 16 7 16 7 16 6 16 6 15 6 15 6 15 7 14 7 14 6 14 6 0 0 15 5 14 6 15 5 14 5 14 4 14 4 14 4 14 3 15 3 15 4 15 3 14 3 15 3 15 3 15 2 15 2 15 2 15 2 16 1 15 1 15 1 16 1 15 1 15 1 15 1 16 0 0 0 0 0 0 0 0 0 0 0 ]
CSI_DATA,STA,94:B9:7E:D9:DB:AD,-54,11,1,7,1,1,1,1,0,0,0,-95,1,6,1,147169763,0,110,0,0,147.352,384,[110 96 6 0 0 0 0 0 0 0 0 0 -21 -1 -20 -1 -21 -2 -20 -2 -21 -3 -20 -4 -20 -4 -20 -4 -20 -5 -19 -5 -20 -6 -19 -6 -19 -6 -18 -6 -18 -6 -18 -6 -18 -6 -18 -6 -17 -6 -17 -6 -17 -6 -17 -6 -17 -6 -16 -6 -17 -5 -16 -5 0 0 -16 -4 -16 -5 -16 -4 -17 -4 -16 -4 -16 -4 -16 -3 -16 -3 -16 -3 -16 -3 -16 -2 -16 -2 -16 -2 -16 -1 -16 -1 -16 -1 -16 0 -16 -1 -15 0 -16 0 -16 0 -17 0 -17 1 -16 1 -16 1 -16 1 0 0 0 0 0 0 0 0 0 0 ]
CSI_DATA,STA,94:B9:7E:D9:DB:AD,-54,11,1,7,1,1,1,1,0,0,0,-95,1,6,1,148167943,0,110,0,0,148.351,384,[110 96 6 0 0 0 0 0 0 0 0 0 -5 19 -6 19 -7 18 -8 19 -8 18 -8 18 -8 17 -9 17 -9 17 -9 17 -10 16 -10 16 -10 16 -10 15 -10 15 -11 15 -10 15 -10 15 -10 14 -10 15 -10 15 -9 14 -9 14 -9 14 -9 14 -8 14 0 0 -8 14 -8 14 -8 14 -7 14 -7 14 -6 14 -7 14 -6 14 -6 14 -5 14 -5 14 -5 14 -5 15 -5 15 -4 15 -4 15 -3 15 -3 15 -3 15 -2 15 -3 15 -3 15 -3 15 -2 15 -2 15 -2 15 0 0 0 0 0 0 0 0 0 0 ]
CSI_DATA,STA,94:B9:7E:D9:DB:AD,-54,11,1,7,1,1,1,1,0,0,0,-95,1,6,1,149172981,0,110,0,0,149.356,384,[110 96 6 0 0 0 0 0 0 0 0 0 10 16 9 16 9 17 8 17 8 18 8 17 8 17 7 18 7 18 6 18 6 17 5 18 5 18 5 18 5 17 5 17 4 17 5 17 4 16 5 16 5 16 5 16 5 16 4 15 4 16 5 15 0 0 5 15 5 15 5 14 6 14 6 13 6 13 6 13 7 13 7 13 7 13 7 13 7 13 8 13 8 12 8 12 8 12 9 12 9 11 10 12 9 11 10 11 10 11 10 11 10 11 10 11 11 11 0 0 0 0 0 0 0 0 0 0 ]
CSI_DATA,STA,94:B9:7E:D9:DB:AD,-54,11,1,7,1,1,1,1,0,0,0,-95,1,6,1,150172062,0,110,0,0,150.355,384,[110 96 6 0 0 0 0 0 0 0 0 0 16 11 16 11 16 12 15 12 15 12 14 13 14 13 14 13 13 13 13 14 12 14 12 14 12 14 11 14 11 14 11 14 11 14 11 13 11 13 11 13 11 13 11 12 10 12 10 12 10 12 11 12 0 0 11 12 11 12 11 11 11 11 11 10 11 10 11 10 12 9 12 9 12 9 12 9 12 9 12 9 12 8 13 8 13 8 13 8 13 7 14 7 14 7 14 7 14 7 14 6 14 6 14 6 14 6 0 0 0 0 0 0 0 0 0 0 ]
CSI_DATA,STA,94:B9:7E:D9:DB:AD,-54,11,1,6,1,1,1,1,0,0,0,-95,1,6,1,151176794,0,110,0,0,151.359,384,[110 96 6 0 0 0 0 0 0 0 0 0 -9 -17 -9 -16 -8 -17 -7 -17 -7 -17 -7 -17 -6 -18 -6 -17 -5 -18 -5 -18 -5 -17 -4 -18 -4 -18 -4 -17 -4 -17 -4 -17 -4 -17 -4 -16 -3 -16 -3 -16 -3 -16 -3 -16 -3 -16 -3 -16 -3 -16 -4 -16 0 0 -4 -15 -4 -15 -4 -15 -4 -15 -4 -14 -5 -15 -4 -15 -5 -14 -5 -15 -6 -14 -6 -14 -6 -14 -6 -14 -7 -14 -7 -14 -7 -14 -7 -14 -7 -13 -7 -13 -8 -13 -8 -13 -8 -13 -8 -13 -8 -13 -8 -14 -8 -13 0 0 0 0 0 0 0 0 0 0 ]
CSI_DATA,STA,94:B9:7E:D9:DB:AD,-54,11,1,7,1,1,1,1,0,0,0,-95,1,6,1,152170938,0,110,0,0,152.354,384,[110 96 6 0 0 0 0 0 0 0 0 0 17 8 17 10 17 10 16 11 16 11 16 11 15 12 15 12 14 13 14 12 14 12 14 12 14 12 13 13 13 12 12 13 12 13 12 12 12 12 12 12 11 12 12 12 11 11 12 11 11 11 12 11 0 0 12 11 11 10 12 10 12 9 12 10 12 9 12 9 12 9 12 9 12 8 13 8 13 7 13 8 13 8 13 7 14 7 13 7 14 7 14 7 14 6 14 6 14 6 15 5 14 5 14 5 14 4 0 0 0 0 0 0 0 0 0 0 ]
CSI_DATA,STA,94:B9:7E:D9:DB:AD,-54,11,1,6,1,1,1,1,0,0,0,-95,1,6,1,153172266,0,110,0,0,153.355,384,[110 96 6 0 0 0 0 0 0 0 0 0 16 -7 17 -7 17 -6 17 -5 17 -5 17 -4 17 -4 17 -4 17 -3 17 -3 17 -2 17 -2 17 -2 17 -2 16 -2 17 -1 16 -1 16 -1 16 -1 16 -1 16 -1 16 -1 15 -1 15 -1 15 -2 15 -2 0 0 14 -2 14 -2 15 -2 14 -3 14 -3 14 -3 14 -3 14 -4 14 -4 13 -4 14 -4 13 -5 13 -4 13 -5 13 -5 13 -5 13 -6 13 -6 14 -6 13 -6 13 -7 13 -7 13 -7 13 -7 13 -7 13 -8 0 0 0 0 0 0 0 0 0 0 ]
CSI_DATA,STA,94:B9:7E:D9:DB:AD,-54,11,1,6,1,1,1,1,0,0,0,-95,1,6,1,154173572,0,110,0,0,154.356,384,[110 96 6 0 0 0 0 0 0 0 0 0 18 -1 17 -1 18 0 17 0 18 1 17 1 18 2 17 2 17 2 17 3 17 3 17 4 16 4 17 4 16 4 16 4 15 3 16 4 15 4 15 4 15 4 15 3 15 3 15 3 14 4 15 3 0 0 14 2 15 2 14 2 14 2 13 1 14 1 14 1 14 1 14 0 14 0 14 0 14 0 14 0 14 -1 15 -1 14 -1 15 -1 14 -2 15 -2 14 -3 14 -2 14 -3 15 -3 15 -3 14 -3 14 -3 0 0 0 0 0 0 0 0 0 0 ]
CSI_DATA,STA,94:B9:7E:D9:DB:AD,-54,11,1,7,1,1,1,1,0,0,0,-95,1,6,1,155175165,0,110,0,0,155.358,384,[110 96 6 0 0 0 0 0 0 0 0 0 -12 15 -12 15 -13 15 -14 14 -14 14 -14 14 -14 13 -15 13 -15 13 -15 13 -15 12 -15 12 -15 12 -15 11 -15 11 -15 11 -15 11 -14 10 -15 10 -14 10 -14 10 -14 10 -14 10 -13 10 -13 10 -13 10 0 0 -13 10 -13 10 -13 10 -12 11 -12 10 -11 11 -12 11 -11 11 -11 11 -11 11 -11 11 -10 12 -10 12 -10 12 -10 12 -9 12 -9 13 -9 13 -8 13 -8 12 -9 14 -9 13 -9 14 -8 14 -8 14 -7 14 0 0 0 0 0 0 0 0 0 0 ]
CSI_DATA,STA,94:B9:7E:D9:DB:AD,-54,11,1,7,1,1,1,1,0,0,0,-95,1,6,1,156174678,0,110,0,0,156.357,384,[110 96 6 0 0 0 0 0 0 0 0 0 18 -8 18 -7 19 -7 18 -6 19 -6 18 -5 19 -5 19 -4 19 -4 19 -4 18 -3 19 -3 18 -2 19 -2 18 -2 18 -2 17 -2 18 -2 17 -2 17 -2 17 -2 17 -2 16 -2 16 -2 16 -2 16 -3 0 0 15 -3 16 -3 15 -3 15 -4 15 -4 15 -4 15 -4 15 -5 14 -5 15 -5 15 -5 14 -6 14 -5 14 -6 14 -7 14 -7 14 -7 13 -7 14 -7 13 -8 14 -8 14 -8 14 -8 13 -8 13 -9 13 -9 0 0 0 0 0 0 0 0 0 0 ]
CSI_DATA,STA,94:B9:7E:D9:DB:AD,-54,11,1,7,1,1,1,1,0,0,0,-95,1,6,1,157175601,0,110,0,0,157.358,384,[110 96 6 0 0 0 0 0 0 0 0 0 19 2 19 2 19 3 19 3 19 4 19 4 18 4 18 5 19 5 18 6 17 6 17 7 17 7 17 7 17 6 17 7 16 7 16 6 16 6 16 6 15 6 16 6 15 6 15 6 15 6 15 6 0 0 15 4 15 5 15 4 15 4 14 3 15 3 15 3 15 3 15 2 15 2 15 3 15 2 15 2 15 2 15 1 15 1 16 1 15 0 15 0 15 -1 15 -1 16 -1 16 -1 15 -1 16 -1 15 -1 0 0 0 0 0 0 0 0 0 0 ]
CSI_DATA,STA,94:B9:7E:D9:DB:AD,-54,11,1,6,1,1,1,1,0,0,0,-95,1,6,1,158184452,0,110,0,0,158.367,384,[110 96 6 0 0 0 0 0 0 0 0 0 -3 -18 -2 -18 -1 -19 0 -18 0 -19 0 -18 0 -18 1 -18 1 -18 2 -18 2 -17 2 -17 3 -17 2 -17 2 -17 3 -17 2 -16 2 -16 3 -16 2 -16 3 -16 3 -16 2 -16 2 -15 2 -16 2 -16 0 0 1 -16 2 -15 1 -15 1 -15 1 -14 1 -15 1 -15 0 -15 0 -15 -1 -15 -1 -15 -1 -15 -1 -15 -2 -15 -2 -15 -2 -15 -2 -15 -3 -15 -3 -15 -3 -15 -3 -15 -3 -15 -4 -15 -4 -15 -4 -15 -4 -15 0 0 0 0 0 0 0 0 0 0 ]
CSI_DATA,STA,94:B9:7E:D9:DB:AD,-54,11,1,7,1,1,1,1,0,0,0,-95,1,6,1,159178525,0,110,0,0,159.361,384,[110 96 6 0 0 0 0 0 0 0 0 0 9 -18 10 -17 11 -17 11 -17 12 -17 11 -16 12 -16 12 -15 13 -15 13 -15 13 -14 13 -14 13 -14 13 -13 13 -13 14 -13 13 -13 13 -12 13 -12 13 -12 13 -12 12 -12 12 -12 12 -12 12 -12 12 -12 0 0 11 -11 11 -12 11 -12 11 -12 11 -12 11 -12 10 -12 10 -13 10 -12 9 -13 9 -13 9 -13 9 -13 9 -13 8 -13 8 -13 9 -14 8 -14 8 -14 7 -14 8 -14 7 -14 8 -15 7 -15 7 -15 7 -15 0 0 0 0 0 0 0 0 0 0 ]
CSI_DATA,STA,94:B9:7E:D9:DB:AD,-54,11,1,6,1,1,1,1,0,0,0,-95,1,6,1,160177856,0,110,0,0,160.36,384,[110 96 6 0 0 0 0 0 0 0 0 0 0 18 0 18 -1 18 -2 18 -2 18 -2 18 -3 17 -3 18 -3 18 -4 17 -4 17 -4 17 -4 17 -5 16 -4 16 -5 16 -4 16 -4 16 -4 15 -4 15 -4 15 -4 15 -4 15 -4 15 -4 15 -3 15 0 0 -3 14 -3 15 -3 14 -2 15 -2 14 -2 14 -1 14 -1 14 -1 14 0 14 0 14 0 14 1 14 0 14 1 14 1 14 2 15 2 14 2 14 3 14 2 14 2 14 3 14 3 14 4 14 4 14 0 0 0 0 0 0 0 0 0 0 ]
CSI_DATA,STA,94:B9:7E:D9:DB:AD,-54,11,1,6,1,1,1,1,0,0,0,-95,1,6,1,161179027,0,110,0,0,161.362,384,[110 96 6 0 0 0 0 0 0 0 0 0 14 -11 14 -11 15 -10 15 -10 16 -9 16 -8 16 -8 15 -8 16 -8 16 -7 16 -7 16 -6 16 -6 16 -6 16 -6 16 -6 15 -5 15 -5 15 -5 15 -6 15 -5 15 -6 14 -5 14 -6 14 -5 14 -5 0 0 13 -6 14 -6 13 -6 13 -6 13 -7 13 -7 13 -6 12 -7 13 -7 12 -8 12 -7 12 -8 12 -8 12 -8 12 -8 12 -9 12 -9 11 -9 12 -10 11 -10 11 -10 11 -10 11 -10 11 -10 11 -10 11 -10 0 0 0 0 0 0 0 0 0 0 ]
CSI_DATA,STA,94:B9:7E:D9:DB:AD,-54,11,1,7,1,1,1,1,0,0,0,-95,1,6,1,162180402,0,110,0,0,162.363,384,[110 96 6 0 0 0 0 0 0 0 0 0 4 21 3 22 3 22 1 21 1 22 1 22 0 22 0 22 0 22 -1 21 -1 21 -2 21 -2 21 -2 20 -3 20 -2 20 -2 20 -2 20 -2 19 -2 19 -2 19 -2 18 -2 19 -2 18 -2 18 -2 18 0 0 -1 18 -1 18 0 17 0 18 0 17 1 17 1 17 1 17 2 17 2 18 2 17 2 17 3 16 3 17 4 17 4 17 4 17 5 16 5 17 5 16 5 17 5 16 6 17 6 16 7 16 7 16 0 0 0 0 0 0 0 0 0 0 ]
CSI_DATA,STA,94:B9:7E:D9:DB:AD,-54,11,1,7,1,1,1,1,0,0,0,-95,1,6,1,163184515,0,110,0,0,163.367,384,[110 96 6 0 0 0 0 0 0 0 0 0 20 2 20 3 19 4 19 4 19 4 19 5 18 5 19 6 18 7 17 6 18 7 17 7 17 7 17 7 16 7 16 8 16 8 15 7 15 7 16 7 15 7 15 7 15 7 15 6 15 7 15 6 0 0 15 6 14 6 15 6 14 5 14 5 14 5 15 5 14 4 15 4 14 4 14 4 14 3 15 3 15 3 15 3 15 3 15 2 15 2 15 2 15 2 15 1 15 2 15 1 15 1 15 1 16 1 0 0 0 0 0 0 0 0 0 0 ]
CSI_DATA,STA,94:B9:7E:D9:DB:AD,-54,11,1,7,1,1,1,1,0,0,0,-95,1,6,1,164186055,0,110,0,0,164.369,384,[110 96 6 0 0 0 0 0 0 0 0 0 -12 -17 -11 -18 -10 -18 -10 -18 -9 -19 -9 -19 -8 -19 -7 -19 -7 -19 -7 -19 -7 -19 -7 -19 -6 -19 -6 -19 -6 -18 -6 -18 -6 -18 -5 -17 -5 -17 -5 -17 -5 -17 -5 -17 -5 -17 -5 -16 -5 -17 -5 -17 0 0 -5 -16 -6 -16 -6 -16 -6 -16 -6 -15 -6 -15 -6 -15 -7 -15 -7 -15 -8 -14 -8 -14 -8 -14 -8 -14 -9 -14 -8 -14 -9 -14 -9 -14 -10 -14 -9 -13 -10 -13 -10 -13 -10 -13 -10 -13 -11 -13 -11 -13 -11 -13 0 0 0 0 0 0 0 0 0 0 ]
CSI_DATA,STA,94:B9:7E:D9:DB:AD,-54,11,1,7,1,1,1,1,0,0,0,-95,1,6,1,165183645,0,110,0,0,165.366,384,[110 96 6 0 0 0 0 0 0 0 0 0 -17 -13 -16 -13 -16 -14 -15 -14 -15 -15 -14 -14 -14 -15 -13 -15 -14 -15 -13 -16 -12 -16 -12 -16 -11 -16 -12 -16 -12 -15 -12 -16 -11 -15 -11 -15 -11 -14 -10 -15 -11 -15 -11 -14 -11 -14 -10 -14 -11 -14 -10 -14 0 0 -11 -13 -11 -13 -11 -12 -11 -13 -11 -12 -12 -12 -11 -12 -12 -11 -12 -11 -12 -11 -12 -11 -13 -11 -12 -10 -12 -10 -13 -10 -13 -9 -13 -10 -13 -9 -13 -9 -14 -9 -14 -9 -15 -9 -14 -9 -14 -9 -14 -8 -14 -8 0 0 0 0 0 0 0 0 0 0 ]
CSI_DATA,STA,94:B9:7E:D9:DB:AD,-54,11,1,7,1,1,1,1,0,0,0,-95,1,6,1,166186238,0,110,0,0,166.369,384,[110 96 6 0 0 0 0 0 0 0 0 0 -20 -2 -20 -3 -20 -3 -20 -3 -20 -4 -20 -4 -20 -5 -19 -5 -19 -6 -19 -6 -19 -7 -19 -7 -19 -7 -18 -7 -18 -6 -18 -7 -18 -7 -17 -6 -17 -7 -17 -6 -17 -6 -17 -6 -17 -6 -16 -6 -17 -6 -16 -5 0 0 -16 -5 -16 -4 -16 -4 -16 -4 -16 -4 -16 -4 -16 -3 -16 -3 -16 -3 -16 -2 -16 -2 -16 -2 -16 -1 -16 -1 -16 -1 -16 -1 -16 0 -16 0 -16 0 -16 1 -16 0 -17 1 -16 1 -16 1 -16 2 -17 2 0 0 0 0 0 0 0 0 0 0 ]
CSI_DATA,STA,94:B9:7E:D9:DB:AD,-55,11,1,7,1,1,1,1,0,0,0,-95,1,6,1,167187195,0,110,0,0,167.37,384,[110 96 6 0 0 0 0 0 0 0 0 0 15 -13 15 -12 16 -12 15 -10 16 -11 16 -10 16 -9 17 -9 17 -9 17 -8 17 -8 16 -7 17 -7 17 -7 16 -7 17 -7 15 -7 16 -7 15 -6 16 -6 15 -6 16 -6 15 -6 14 -6 14 -6 14 -6 0 0 14 -7 14 -7 14 -6 14 -7 13 -7 14 -7 13 -7 13 -8 13 -8 13 -9 12 -9 12 -9 12 -9 12 -9 12 -9 11 -9 13 -10 11 -10 12 -10 11 -10 11 -10 11 -11 11 -11 11 -11 11 -11 10 -11 0 0 0 0 0 0 0 0 0 0 ]
CSI_DATA,STA,94:B9:7E:D9:DB:AD,-54,11,1,7,1,1,1,1,0,0,0,-95,1,6,1,168190846,0,110,0,0,168.373,384,[110 96 6 0 0 0 0 0 0 0 0 0 -12 -17 -12 -17 -11 -17 -11 -18 -10 -18 -10 -18 -9 -18 -9 -18 -9 -18 -8 -18 -8 -19 -7 -19 -7 -18 -7 -18 -7 -18 -7 -18 -6 -18 -6 -18 -6 -17 -6 -17 -6 -17 -6 -17 -6 -16 -6 -16 -6 -16 -6 -16 0 0 -7 -16 -7 -15 -7 -15 -8 -15 -8 -14 -8 -14 -8 -14 -9 -14 -9 -14 -9 -14 -9 -14 -9 -14 -9 -14 -9 -13 -10 -13 -10 -13 -10 -13 -10 -12 -10 -12 -11 -12 -11 -12 -11 -12 -11 -12 -11 -12 -12 -12 -12 -12 0 0 0 0 0 0 0 0 0 0 ]
CSI_DATA,STA,94:B9:7E:D9:DB:AD,-54,11,1,7,1,1,1,1,0,0,0,-95,1,6,1,169188150,0,110,0,0,169.371,384,[110 96 6 0 0 0 0 0 0 0 0 0 5 19 4 19 4 19 3 19 3 20 2 19 2 19 2 19 1 19 0 19 0 19 -1 19 -1 19 -1 18 -1 18 -1 18 -1 18 -1 18 -1 17 -1 17 -1 17 -1 17 -1 17 -1 16 -1 16 -1 16 0 0 0 16 0 16 1 15 1 16 1 15 1 15 1 15 2 15 2 15 2 15 2 15 2 15 3 15 3 14 4 15 4 15 4 14 5 14 5 14 5 14 5 14 5 14 5 14 5 15 5 14 6 14 0 0 0 0 0 0 0 0 0 0 ]
CSI_DATA,STA,94:B9:7E:D9:DB:AD,-54,11,1,7,1,1,1,1,0,0,0,-95,1,6,1,170188463,0,110,0,0,170.371,384,[110 96 6 0 0 0 0 0 0 0 0 0 -16 12 -17 12 -17 11 -18 11 -18 10 -18 10 -18 9 -18 9 -18 8 -18 8 -18 7 -18 7 -18 7 -19 6 -18 6 -18 6 -18 6 -17 6 -17 5 -17 6 -17 5 -17 5 -16 5 -16 5 -16 5 -16 5 0 0 -16 5 -15 6 -15 6 -15 6 -15 6 -15 6 -15 7 -14 6 -14 7 -14 7 -14 7 -14 7 -14 8 -14 8 -13 8 -14 8 -13 8 -13 9 -13 9 -13 9 -13 9 -13 9 -13 10 -13 10 -13 10 -13 10 0 0 0 0 0 0 0 0 0 0 ]
CSI_DATA,STA,94:B9:7E:D9:DB:AD,-54,11,1,7,1,1,1,1,0,0,0,-95,1,6,1,171190667,0,110,0,0,171.373,384,[110 96 6 0 0 0 0 0 0 0 0 0 -15 -14 -15 -15 -14 -15 -13 -16 -13 -16 -12 -16 -12 -16 -12 -16 -12 -17 -11 -16 -10 -17 -10 -18 -9 -17 -9 -17 -9 -17 -9 -17 -9 -16 -9 -16 -9 -16 -9 -15 -9 -16 -9 -16 -9 -15 -8 -15 -8 -15 -9 -15 0 0 -9 -15 -9 -14 -9 -14 -9 -14 -9 -13 -10 -13 -10 -13 -10 -13 -10 -13 -11 -13 -10 -12 -11 -12 -11 -12 -11 -12 -11 -12 -12 -12 -12 -11 -12 -12 -12 -11 -13 -11 -12 -11 -13 -10 -13 -11 -13 -10 -13 -11 -13 -10 0 0 0 0 0 0 0 0 0 0 ]
CSI_DATA,STA,94:B9:7E:D9:DB:AD,-54,11,1,7,1,1,1,1,0,0,0,-95,1,6,1,172189934,0,110,0,0,172.372,384,[110 96 6 0 0 0 0 0 0 0 0 0 18 -10 18 -9 18 -8 18 -7 18 -7 18 -7 19 -6 18 -5 18 -5 18 -5 19 -4 18 -4 18 -3 18 -3 18 -3 18 -3 17 -3 17 -3 17 -2 17 -3 17 -2 17 -3 16 -3 16 -3 16 -3 16 -3 0 0 16 -3 16 -3 16 -3 15 -3 15 -4 15 -4 15 -5 15 -5 14 -5 14 -5 14 -5 14 -6 14 -5 14 -6 14 -6 14 -6 14 -7 14 -7 14 -7 14 -7 14 -8 14 -8 14 -8 13 -8 13 -8 13 -8 0 0 0 0 0 0 0 0 0 0 ]
CSI_DATA,STA,94:B9:7E:D9:DB:AD,-54,11,1,7,1,1,1,1,0,0,0,-95,1,6,1,173191712,0,110,0,0,173.374,384,[110 96 6 0 0 0 0 0 0 0 0 0 -8 18 -9 17 -10 18 -10 17 -11 17 -11 17 -11 16 -11 16 -11 16 -12 15 -13 15 -13 14 -13 14 -13 14 -13 14 -13 13 -12 13 -12 13 -12 13 -12 13 -12 13 -12 13 -12 12 -11 12 -12 12 -11 12 0 0 -10 12 -10 12 -10 12 -10 13 -9 12 -9 13 -9 13 -9 13 -9 13 -8 13 -8 13 -8 13 -8 13 -8 13 -7 14 -7 14 -7 14 -6 14 -6 14 -6 14 -6 15 -6 15 -6 14 -6 15 -6 15 -5 15 0 0 0 0 0 0 0 0 0 0 ]
CSI_DATA,STA,94:B9:7E:D9:DB:AD,-54,11,1,7,1,1,1,1,0,0,0,-95,1,6,1,174192413,0,110,0,0,174.375,384,[110 96 6 0 0 0 0 0 0 0 0 0 19 -3 19 -2 19 -2 20 -1 19 -1 20 0 19 0 19 1 19 1 19 1 19 2 18 2 18 3 19 3 18 3 18 3 17 3 17 3 17 2 17 2 16 2 17 2 16 2 16 2 16 2 16 2 0 0 16 1 16 1 16 0 15 0 15 0 15 -1 15 -1 15 -1 15 -1 15 -1 16 -1 15 -2 15 -2 15 -2 15 -3 15 -3 15 -3 15 -4 15 -4 15 -5 15 -4 15 -5 15 -4 15 -5 15 -5 15 -5 0 0 0 0 0 0 0 0 0 0 ]
CSI_DATA,STA,94:B9:7E:D9:DB:AD,-54,11,1,7,1,1,1,1,0,0,0,-95,1,6,1,175194382,0,110,0,0,175.377,384,[110 96 6 0 0 0 0 0 0 0 0 0 -20 4 -20 3 -20 2 -20 1 -20 1 -20 0 -20 0 -20 0 -20 -1 -20 -1 -20 -2 -20 -2 -19 -2 -19 -2 -19 -2 -19 -2 -18 -3 -18 -2 -18 -2 -18 -2 -18 -2 -17 -2 -17 -2 -17 -2 -17 -2 -17 -1 0 0 -17 -1 -16 -1 -16 -1 -16 0 -16 0 -16 0 -16 0 -16 1 -16 1 -16 1 -16 1 -16 2 -16 2 -16 2 -16 2 -16 3 -15 3 -15 3 -15 4 -15 4 -15 4 -16 4 -16 4 -16 5 -16 5 -16 5 0 0 0 0 0 0 0 0 0 0 ]
CSI_DATA,STA,94:B9:7E:D9:DB:AD,-54,11,1,6,1,1,1,1,0,0,0,-95,1,6,1,176205998,0,110,0,0,176.389,384,[110 96 6 0 0 0 0 0 0 0 0 0 16 7 16 7 16 7 15 8 15 8 14 8 15 9 14 9 14 10 14 10 13 10 13 10 13 11 13 11 12 10 13 11 12 10 13 10 11 10 12 10 12 10 11 9 12 9 11 9 11 9 11 9 0 0 12 8 12 8 12 8 12 8 11 7 12 7 12 7 12 6 12 7 12 6 12 6 12 6 12 6 13 6 13 5 12 5 14 5 13 4 14 4 13 4 13 4 13 4 14 4 14 4 14 3 14 3 0 0 0 0 0 0 0 0 0 0 ]
CSI_DATA,STA,94:B9:7E:D9:DB:AD,-54,11,1,7,1,1,1,1,0,0,0,-95,1,6,1,177195858,0,110,0,0,177.378,384,[110 96 6 0 0 0 0 0 0 0 0 0 -8 -20 -7 -19 -6 -20 -5 -19 -5 -20 -5 -19 -4 -20 -4 -20 -3 -20 -3 -20 -3 -20 -2 -20 -1 -20 -1 -20 -2 -19 -1 -19 -1 -18 -2 -18 -1 -18 -1 -18 -1 -18 -1 -18 -2 -18 -1 -17 -1 -17 -2 -17 0 0 -2 -17 -2 -17 -2 -16 -3 -17 -2 -16 -3 -16 -3 -16 -3 -16 -4 -16 -4 -16 -5 -16 -4 -16 -4 -16 -5 -15 -5 -16 -5 -15 -5 -16 -6 -15 -6 -15 -7 -15 -7 -15 -7 -15 -7 -15 -7 -15 -7 -16 -8 -15 0 0 0 0 0 0 0 0 0 0 ]
CSI_DATA,STA,94:B9:7E:D9:DB:AD,-54,11,1,6,1,1,1,1,0,0,0,-95,1,6,1,178200880,0,110,0,0,178.383,384,[110 96 6 0 0 0 0 0 0 0 0 0 -18 -1 -19 -1 -19 -2 -19 -2 -18 -3 -18 -4 -19 -3 -18 -4 -18 -4 -18 -5 -18 -5 -18 -6 -17 -6 -17 -6 -17 -6 -17 -6 -16 -6 -16 -6 -16 -6 -16 -5 -16 -5 -16 -6 -15 -5 -15 -6 -15 -6 -15 -5 0 0 -15 -5 -15 -5 -15 -4 -15 -4 -15 -4 -15 -4 -15 -3 -15 -3 -15 -3 -15 -3 -15 -3 -15 -3 -15 -2 -15 -2 -15 -2 -16 -1 -15 -1 -15 -1 -15 0 -15 0 -15 0 -16 0 -16 0 -15 0 -16 0 -16 0 0 0 0 0 0 0 0 0 0 0 ]
CSI_DATA,STA,94:B9:7E:D9:DB:AD,-54,11,1,6,1,1,1,1,0,0,0,-95,1,6,1,179198414,0,110,0,0,179.381,384,[110 96 6 0 0 0 0 0 0 0 0 0 -12 -15 -11 -15 -11 -16 -10 -16 -10 -16 -10 -16 -10 -16 -9 -16 -9 -17 -8 -16 -8 -17 -7 -17 -8 -16 -7 -16 -7 -17 -7 -16 -7 -16 -7 -15 -6 -15 -6 -15 -7 -15 -6 -15 -7 -15 -7 -15 -7 -15 -7 -15 0 0 -7 -14 -7 -14 -7 -14 -7 -14 -8 -13 -8 -13 -8 -13 -9 -13 -9 -13 -9 -13 -9 -12 -10 -12 -10 -12 -10 -12 -10 -12 -10 -12 -10 -11 -11 -12 -10 -11 -11 -11 -11 -11 -11 -11 -11 -10 -12 -10 -12 -11 -12 -10 0 0 0 0 0 0 0 0 0 0 ]
CSI_DATA,STA,94:B9:7E:D9:DB:AD,-54,11,1,7,1,1,1,1,0,0,0,-95,1,6,1,180198700,0,110,0,0,180.381,384,[110 96 6 0 0 0 0 0 0 0 0 0 -3 20 -3 19 -5 20 -5 19 -6 20 -5 18 -6 19 -6 18 -7 19 -8 18 -8 18 -8 17 -8 17 -8 17 -8 16 -8 17 -8 16 -8 16 -8 15 -7 16 -8 15 -7 15 -8 15 -8 15 -8 14 -7 14 0 0 -6 14 -6 15 -6 14 -5 15 -5 14 -5 14 -5 14 -5 14 -4 14 -4 15 -4 14 -4 15 -3 15 -3 14 -2 15 -2 15 -2 15 -2 15 -2 15 -1 15 -1 15 -1 15 -1 16 -1 15 -1 15 0 15 0 0 0 0 0 0 0 0 0 0 ]
CSI_DATA,STA,94:B9:7E:D9:DB:AD,-54,11,1,7,1,1,1,1,0,0,0,-95,1,6,1,181201674,0,110,0,0,181.384,384,[110 96 6 0 0 0 0 0 0 0 0 0 6 18 6 18 5 20 4 19 4 19 3 19 3 19 2 19 2 19 1 19 1 19 1 19 1 19 0 19 0 19 -1 18 0 18 0 17 0 17 0 17 0 17 -1 16 0 16 0 16 0 16 0 16 0 0 0 16 0 16 1 16 1 15 1 15 1 15 1 15 2 15 2 15 3 15 3 15 3 15 3 15 3 15 4 14 4 15 4 14 5 14 5 14 5 14 5 14 5 15 5 14 6 14 6 14 6 14 0 0 0 0 0 0 0 0 0 0 ]
CSI_DATA,STA,94:B9:7E:D9:DB:AD,-54,11,1,6,1,1,1,1,0,0,0,-95,1,6,1,182205382,0,110,0,0,182.388,384,[110 96 6 0 0 0 0 0 0 0 0 0 -10 15 -10 14 -11 14 -12 14 -12 14 -12 13 -12 13 -12 13 -12 12 -13 12 -13 11 -14 11 -13 11 -13 10 -13 10 -13 10 -13 10 -12 10 -13 10 -13 10 -12 10 -12 10 -12 10 -12 9 -12 9 -12 9 0 0 -11 10 -12 9 -11 10 -11 10 -10 10 -11 10 -10 10 -10 10 -10 10 -10 11 -9 10 -9 11 -10 11 -9 11 -9 12 -8 11 -8 12 -8 11 -8 12 -8 12 -8 12 -8 12 -8 12 -8 13 -8 13 -8 13 0 0 0 0 0 0 0 0 0 0 ]
CSI_DATA,STA,94:B9:7E:D9:DB:AD,-54,11,1,6,1,1,1,1,0,0,0,-95,1,6,1,183201834,0,110,0,0,183.384,384,[110 96 6 0 0 0 0 0 0 0 0 0 -8 -16 -8 -16 -7 -17 -7 -16 -7 -18 -6 -16 -6 -17 -5 -17 -5 -17 -5 -17 -4 -17 -3 -17 -3 -17 -3 -17 -3 -16 -4 -17 -3 -16 -3 -16 -3 -15 -3 -16 -3 -15 -3 -16 -4 -15 -3 -15 -3 -15 -3 -15 0 0 -4 -14 -4 -14 -4 -13 -5 -15 -5 -13 -5 -14 -5 -14 -5 -13 -6 -14 -6 -14 -6 -13 -6 -12 -6 -13 -7 -13 -7 -13 -8 -13 -7 -13 -8 -13 -8 -12 -8 -12 -9 -12 -9 -12 -9 -13 -9 -12 -9 -13 -9 -12 0 0 0 0 0 0 0 0 0 0 ]
CSI_DATA,STA,94:B9:7E:D9:DB:AD,-54,11,1,6,1,1,1,1,0,0,0,-95,1,6,1,184201613,0,110,0,0,184.384,384,[110 96 6 0 0 0 0 0 0 0 0 0 17 2 18 2 18 3 18 4 17 4 17 4 17 5 16 5 16 5 16 6 16 6 16 7 15 6 15 7 15 7 15 7 14 7 14 7 14 6 14 6 14 6 14 6 13 6 13 6 13 6 13 5 0 0 13 5 14 5 13 5 13 4 13 4 13 4 13 4 13 4 13 3 13 3 14 3 13 3 14 3 14 2 14 2 14 2 15 2 14 1 14 1 14 1 15 1 15 1 15 1 15 1 15 1 15 0 0 0 0 0 0 0 0 0 0 0 ]
